customer_id,join_date,region,preferred_store_id,acquisition_channel
C00001,2025-01-09,Chattogram,ST08,Walk-in
C00002,2018-05-14,Dhaka,ST07,Referral
C00003,2023-11-21,Rajshahi,ST12,Walk-in
C00004,2021-12-01,Dhaka,ST19,Referral
C00005,2021-09-04,Sylhet,ST02,Walk-in
C00006,2022-04-04,Chattogram,ST08,Walk-in
C00007,2019-09-22,Khulna,ST01,Referral
C00008,2022-10-13,Dhaka,ST11,Online
C00009,2023-12-16,Dhaka,ST16,Walk-in
C00010,2020-10-18,Dhaka,ST01,Referral
C00011,2019-01-18,Chattogram,ST11,Walk-in
C00012,2021-02-03,Dhaka,ST09,Walk-in
C00013,2019-08-03,Rajshahi,ST16,Walk-in
C00014,2020-12-27,Dhaka,ST05,Online
C00015,2023-01-05,Dhaka,ST04,Online
C00016,2018-11-28,Chattogram,ST02,Referral
C00017,2023-12-23,,ST09,Online
C00018,2019-10-18,Khulna,ST10,Walk-in
C00019,2025-02-25,Rajshahi,ST19,Walk-in
C00020,2023-11-09,Sylhet,ST10,Walk-in
C00021,2020-03-06,Rajshahi,ST04,Online
C00022,2022-07-03,Rajshahi,ST14,Walk-in
C00023,2018-11-20,Dhaka,ST02,Online
C00024,2018-10-19,Sylhet,ST07,Online
C00025,2025-08-23,Rajshahi,ST14,Referral
C00026,2024-06-01,Dhaka,ST06,Walk-in
C00027,2019-03-27,Sylhet,ST12,Walk-in
C00028,2020-04-05,Chattogram,ST10,Social Media
C00029,2019-08-01,Chattogram,ST20,Online
C00030,2021-02-27,Dhaka,ST06,Walk-in
C00031,2020-04-30,Sylhet,ST19,Online
C00032,2020-08-15,Khulna,ST13,Social Media
C00033,2022-03-26,Dhaka,ST15,Walk-in
C00034,2019-07-07,Chattogram,ST04,Social Media
C00035,2025-01-21,Dhaka,ST01,Walk-in
C00036,2023-10-26,Dhaka,ST15,Social Media
C00037,2024-01-30,Barishal,ST10,Walk-in
C00038,2019-05-10,Chattogram,ST07,Walk-in
C00039,2023-08-30,,ST18,Walk-in
C00040,2024-09-07,Dhaka,ST07,Referral
C00041,2019-05-27,Barishal,ST09,Social Media
C00042,2024-01-03,Dhaka,ST15,Walk-in
C00043,2020-11-10,,ST20,Walk-in
C00044,2024-04-18,Dhaka,ST18,Walk-in
C00045,2021-10-28,Dhaka,ST14,Walk-in
C00046,2024-05-31,Rajshahi,ST03,Referral
C00047,2019-03-07,Dhaka,ST03,Walk-in
C00048,2021-02-10,Rajshahi,ST14,Social Media
C00049,2020-03-09,Dhaka,ST11,Social Media
C00050,2019-12-27,Rajshahi,ST03,Walk-in
C00051,2020-06-19,Rajshahi,ST14,Online
C00052,2021-01-21,Rajshahi,ST19,Social Media
C00053,2019-01-07,Dhaka,ST02,Referral
C00054,2023-08-27,Rajshahi,ST17,Online
C00055,2022-05-26,Barishal,ST07,Walk-in
C00056,2024-08-18,Dhaka,ST08,Walk-in
C00057,2023-08-21,Dhaka,ST15,Referral
C00058,2019-03-12,Khulna,ST05,Walk-in
C00059,2018-07-24,,ST04,Online
C00060,2021-05-19,Sylhet,ST20,Online
C00061,2021-11-05,Rajshahi,ST07,Walk-in
C00062,2019-12-03,Dhaka,ST04,Walk-in
C00063,2024-04-03,Sylhet,ST14,Walk-in
C00064,2022-08-26,Sylhet,ST05,Referral
C00065,2023-12-25,Dhaka,ST16,Walk-in
C00066,2018-11-15,Khulna,ST02,Walk-in
C00067,2024-07-08,Dhaka,ST11,Social Media
C00068,2019-08-25,Chattogram,ST09,Online
C00069,2021-08-01,Khulna,ST20,Online
C00070,2021-07-06,Dhaka,ST11,Referral
C00071,2024-07-24,Khulna,ST19,Walk-in
C00072,2020-03-19,Dhaka,ST05,Social Media
C00073,2019-12-04,Chattogram,ST10,Referral
C00074,2020-09-18,Dhaka,ST17,Walk-in
C00075,2020-11-19,Rajshahi,ST04,Walk-in
C00076,2019-06-15,Rajshahi,ST19,Walk-in
C00077,2019-05-30,,ST16,Online
C00078,2019-11-07,Barishal,ST14,Online
C00079,2021-09-27,Rajshahi,ST05,Online
C00080,2020-09-29,Rajshahi,ST17,Social Media
C00081,2021-02-18,Chattogram,ST17,Walk-in
C00082,2023-10-01,Khulna,ST06,Referral
C00083,2019-12-05,Sylhet,ST12,Online
C00084,2025-04-10,Khulna,ST02,Online
C00085,2024-01-05,Dhaka,ST08,Walk-in
C00086,2019-05-26,Chattogram,ST04,Online
C00087,2020-07-05,Rajshahi,ST12,Online
C00088,2019-06-20,,ST11,Walk-in
C00089,2020-03-07,Dhaka,ST11,Referral
C00090,2020-12-03,Barishal,ST14,Walk-in
C00091,2019-01-18,Chattogram,ST19,Walk-in
C00092,2018-02-12,Dhaka,ST04,Referral
C00093,2021-07-05,Dhaka,ST05,Walk-in
C00094,2023-08-09,Chattogram,ST05,Online
C00095,2020-06-03,Sylhet,ST19,Online
C00096,2024-11-17,Barishal,ST02,Walk-in
C00097,2020-12-14,Barishal,ST01,Walk-in
C00098,2025-03-15,Sylhet,ST04,Walk-in
C00099,2019-11-21,Rajshahi,ST16,Walk-in
C00100,2022-04-24,Dhaka,ST12,Online
C00101,2024-02-07,Khulna,ST19,Walk-in
C00102,2018-06-22,Dhaka,ST05,Social Media
C00103,2025-06-08,Dhaka,ST08,Walk-in
C00104,2020-12-01,Barishal,ST12,Walk-in
C00105,2021-12-24,Khulna,ST02,Social Media
C00106,2023-01-10,Dhaka,ST19,Walk-in
C00107,2023-02-21,Rajshahi,ST17,Online
C00108,2018-03-11,Chattogram,ST03,Online
C00109,2024-12-07,Dhaka,ST17,Referral
C00110,2022-12-26,Dhaka,ST09,Walk-in
C00111,2025-12-26,Dhaka,ST07,Walk-in
C00112,2021-10-08,,ST19,Social Media
C00113,2022-11-27,Chattogram,ST11,Walk-in
C00114,2021-07-11,Chattogram,ST05,Online
C00115,2025-02-11,Dhaka,ST17,Online
C00116,2024-08-27,Barishal,ST15,Online
C00117,2025-04-07,Sylhet,ST04,Referral
C00118,2022-01-12,Khulna,ST14,Social Media
C00119,2024-04-30,,ST13,Walk-in
C00120,2020-11-13,Sylhet,ST06,Online
C00121,2021-09-07,Khulna,ST09,Online
C00122,2024-01-29,Dhaka,ST17,Walk-in
C00123,2018-08-25,Dhaka,ST04,Referral
C00124,2023-09-06,Dhaka,ST15,Walk-in
C00125,2018-02-16,Dhaka,ST17,Walk-in
C00126,2022-08-23,,ST19,Referral
C00127,2021-10-25,,ST07,Social Media
C00128,2021-09-30,Dhaka,ST06,Walk-in
C00129,2021-12-14,Sylhet,ST19,Referral
C00130,2021-12-07,Dhaka,ST10,Walk-in
C00131,2021-04-04,Dhaka,ST12,Walk-in
C00132,2021-08-10,Rajshahi,ST11,Walk-in
C00133,2022-07-18,Dhaka,ST11,Referral
C00134,2024-02-08,Dhaka,ST13,Walk-in
C00135,2022-06-01,Dhaka,ST09,Walk-in
C00136,2023-02-20,Dhaka,ST08,Online
C00137,2024-09-08,Chattogram,ST09,Walk-in
C00138,2025-11-29,Dhaka,ST14,Walk-in
C00139,2018-11-14,Dhaka,ST17,Walk-in
C00140,2023-09-13,Barishal,ST12,Referral
C00141,2019-10-20,Khulna,ST14,Online
C00142,2019-07-29,Dhaka,ST09,Referral
C00143,2024-05-04,Dhaka,ST16,Walk-in
C00144,2018-07-20,Chattogram,ST08,Walk-in
C00145,2024-10-11,Khulna,ST09,Referral
C00146,2024-02-28,Khulna,ST02,Walk-in
C00147,2025-12-14,Dhaka,ST06,Walk-in
C00148,2023-05-05,Dhaka,ST15,Walk-in
C00149,2024-12-23,Chattogram,ST02,Walk-in
C00150,2018-12-13,Khulna,ST05,Walk-in
C00151,2025-02-11,Khulna,ST16,Social Media
C00152,2019-04-14,Dhaka,ST18,Walk-in
C00153,2020-07-06,Sylhet,ST09,Online
C00154,2019-01-10,Dhaka,ST09,Walk-in
C00155,2021-03-18,Rajshahi,ST11,Online
C00156,2023-12-28,Khulna,ST16,Online
C00157,2020-02-22,Chattogram,ST10,Social Media
C00158,2024-07-28,Dhaka,ST04,Walk-in
C00159,2022-11-06,Sylhet,ST09,Referral
C00160,2023-01-11,Chattogram,ST06,Walk-in
C00161,2025-07-04,Khulna,ST14,Online
C00162,2021-06-14,Dhaka,ST03,Social Media
C00163,2020-10-03,Khulna,ST13,Online
C00164,2025-12-14,Dhaka,ST03,Online
C00165,2022-06-15,Dhaka,ST20,Referral
C00166,2022-11-30,Dhaka,ST13,Social Media
C00167,2020-05-15,Dhaka,ST03,Walk-in
C00168,2019-09-22,,ST20,Walk-in
C00169,2019-05-11,Sylhet,ST12,Online
C00170,2019-10-15,Dhaka,ST13,Social Media
C00171,2019-07-24,Dhaka,ST02,Walk-in
C00172,2023-12-21,Dhaka,ST04,Walk-in
C00173,2018-06-19,Dhaka,ST17,Online
C00174,2023-01-12,Khulna,ST10,Walk-in
C00175,2025-08-03,Barishal,ST13,Walk-in
C00176,2024-02-14,Dhaka,ST20,Walk-in
C00177,2021-03-22,,ST09,Walk-in
C00178,2018-06-23,Rajshahi,ST08,Online
C00179,2024-09-01,Barishal,ST17,Walk-in
C00180,2018-01-10,Dhaka,ST02,Walk-in
C00181,2023-06-13,,ST10,Online
C00182,2023-05-14,Chattogram,ST18,Walk-in
C00183,2019-07-15,Khulna,ST05,Walk-in
C00184,2023-12-01,Rajshahi,ST07,Walk-in
C00185,2019-05-28,Chattogram,ST10,Walk-in
C00186,2019-10-21,Dhaka,ST02,Online
C00187,2024-06-29,Rajshahi,ST02,Walk-in
C00188,2025-10-30,Khulna,ST06,Walk-in
C00189,2020-02-12,Chattogram,ST18,Walk-in
C00190,2025-05-14,Sylhet,ST05,Walk-in
C00191,2025-04-20,Chattogram,ST15,Walk-in
C00192,2024-02-25,Chattogram,ST09,Walk-in
C00193,2019-02-13,Chattogram,ST16,Walk-in
C00194,2020-05-24,Rajshahi,ST07,Walk-in
C00195,2023-06-02,Barishal,ST18,Referral
C00196,2025-12-27,Chattogram,ST08,Walk-in
C00197,2024-07-06,Dhaka,ST16,Walk-in
C00198,2021-05-12,Chattogram,ST17,Online
C00199,2019-11-18,Dhaka,ST09,Walk-in
C00200,2025-09-05,Dhaka,ST14,Referral
C00201,2020-03-17,Dhaka,ST03,Walk-in
C00202,2020-09-26,Chattogram,ST10,Walk-in
C00203,2025-09-17,Dhaka,ST08,Social Media
C00204,2022-06-29,Dhaka,ST20,Walk-in
C00205,2020-02-12,Rajshahi,ST19,Walk-in
C00206,2018-01-16,,ST16,Online
C00207,2021-06-09,Sylhet,ST19,Social Media
C00208,2025-11-19,Khulna,ST20,Walk-in
C00209,2021-06-16,Sylhet,ST16,Online
C00210,2023-08-05,Dhaka,ST12,Walk-in
C00211,2020-01-09,Dhaka,ST05,Online
C00212,2024-03-14,Sylhet,ST17,Walk-in
C00213,2024-03-15,Chattogram,ST04,Online
C00214,2022-11-12,Dhaka,ST04,Walk-in
C00215,2024-03-03,Chattogram,ST18,Online
C00216,2022-08-18,Chattogram,ST03,Walk-in
C00217,2021-01-09,Dhaka,ST03,Online
C00218,2023-11-25,Sylhet,ST11,Online
C00219,2024-09-04,Dhaka,ST12,Referral
C00220,2024-09-21,Dhaka,ST01,Social Media
C00221,2019-09-15,Khulna,ST08,Walk-in
C00222,2023-05-30,Dhaka,ST05,Online
C00223,2018-01-13,Sylhet,ST07,Walk-in
C00224,2022-07-29,Chattogram,ST04,Social Media
C00225,2022-07-26,Dhaka,ST14,Online
C00226,2020-11-27,Khulna,ST10,Walk-in
C00227,2025-12-12,Dhaka,ST20,Walk-in
C00228,2025-01-22,Dhaka,ST01,Referral
C00229,2018-04-23,Khulna,ST16,Referral
C00230,2019-09-02,Rajshahi,ST19,Referral
C00231,2019-08-31,Rajshahi,ST10,Online
C00232,2025-03-05,,ST14,Walk-in
C00233,2022-02-24,Dhaka,ST09,Social Media
C00234,2023-10-30,,ST12,Online
C00235,2024-06-23,Dhaka,ST19,Online
C00236,2024-02-20,Dhaka,ST11,Online
C00237,2018-09-18,Rajshahi,ST12,Online
C00238,2019-02-14,Dhaka,ST20,Online
C00239,2021-02-28,,ST10,Online
C00240,2020-09-15,Dhaka,ST04,Referral
C00241,2023-12-22,Chattogram,ST14,Referral
C00242,2019-04-02,Sylhet,ST14,Walk-in
C00243,2020-12-20,Khulna,ST05,Walk-in
C00244,2019-11-22,Dhaka,ST15,Online
C00245,2019-07-06,Dhaka,ST02,Online
C00246,2019-05-20,Chattogram,ST07,Online
C00247,2019-07-25,Chattogram,ST18,Referral
C00248,2022-07-06,Chattogram,ST13,Walk-in
C00249,2021-04-12,Barishal,ST13,Walk-in
C00250,2021-06-25,Chattogram,ST13,Referral
C00251,2021-10-31,Chattogram,ST04,Social Media
C00252,2023-12-04,Barishal,ST20,Walk-in
C00253,2024-11-21,Dhaka,ST06,Walk-in
C00254,2022-03-18,Barishal,ST16,Walk-in
C00255,2023-02-19,Chattogram,ST20,Walk-in
C00256,2023-11-27,Chattogram,ST05,Online
C00257,2023-07-09,Barishal,ST13,Walk-in
C00258,2019-01-28,Chattogram,ST01,Walk-in
C00259,2025-11-10,Chattogram,ST13,Online
C00260,2019-04-27,Dhaka,ST09,Online
C00261,2021-04-17,,ST02,Online
C00262,2023-03-21,,ST14,Walk-in
C00263,2021-03-23,Dhaka,ST20,Walk-in
C00264,2019-12-11,Rajshahi,ST02,Walk-in
C00265,2025-05-20,Sylhet,ST18,Social Media
C00266,2018-07-28,Chattogram,ST17,Walk-in
C00267,2019-12-19,Dhaka,ST11,Online
C00268,2025-12-09,Chattogram,ST19,Online
C00269,2023-11-02,Dhaka,ST07,Referral
C00270,2018-09-11,,ST15,Walk-in
C00271,2024-01-13,Chattogram,ST14,Walk-in
C00272,2025-10-01,Dhaka,ST12,Referral
C00273,2018-10-13,Dhaka,ST17,Walk-in
C00274,2021-04-24,Sylhet,ST18,Online
C00275,2021-09-29,Dhaka,ST16,Walk-in
C00276,2019-01-18,,ST12,Social Media
C00277,2019-08-09,,ST20,Online
C00278,2019-05-23,Sylhet,ST12,Walk-in
C00279,2019-06-26,Barishal,ST13,Referral
C00280,2021-03-24,Khulna,ST04,Online
C00281,2021-09-16,Dhaka,ST07,Online
C00282,2019-11-26,Rajshahi,ST19,Walk-in
C00283,2020-04-25,Dhaka,ST10,Walk-in
C00284,2019-07-16,Rajshahi,ST11,Online
C00285,2024-05-13,Chattogram,ST17,Walk-in
C00286,2019-09-11,Dhaka,ST07,Referral
C00287,2025-04-04,Dhaka,ST06,Walk-in
C00288,2022-04-23,Barishal,ST01,Online
C00289,2024-06-01,Dhaka,ST05,Walk-in
C00290,2023-02-02,Dhaka,ST11,Online
C00291,2020-02-16,Dhaka,ST15,Walk-in
C00292,2022-10-22,Chattogram,ST07,Walk-in
C00293,2020-03-11,,ST09,Walk-in
C00294,2018-12-13,Rajshahi,ST05,Online
C00295,2020-01-14,Chattogram,ST17,Walk-in
C00296,2020-03-15,,ST11,Referral
C00297,2019-01-30,Dhaka,ST03,Walk-in
C00298,2018-03-10,Chattogram,ST13,Online
C00299,2025-07-18,Khulna,ST07,Online
C00300,2022-02-08,Rajshahi,ST18,Walk-in
C00301,2021-03-19,Chattogram,ST06,Walk-in
C00302,2025-06-08,Sylhet,ST18,Walk-in
C00303,2019-10-19,Chattogram,ST14,Online
C00304,2021-03-22,,ST03,Social Media
C00305,2024-10-08,Chattogram,ST16,Walk-in
C00306,2023-01-20,Rajshahi,ST15,Online
C00307,2021-03-11,Chattogram,ST10,Online
C00308,2020-01-18,Barishal,ST04,Online
C00309,2018-04-13,Chattogram,ST10,Online
C00310,2018-09-06,Dhaka,ST13,Social Media
C00311,2019-04-18,Dhaka,ST03,Online
C00312,2024-04-15,Chattogram,ST07,Referral
C00313,2023-02-10,Chattogram,ST15,Walk-in
C00314,2021-06-19,Sylhet,ST12,Referral
C00315,2024-04-05,Rajshahi,ST20,Social Media
C00316,2019-04-15,Dhaka,ST05,Social Media
C00317,2019-09-08,Sylhet,ST16,Walk-in
C00318,2021-02-20,Rajshahi,ST09,Referral
C00319,2025-05-02,Chattogram,ST05,Walk-in
C00320,2022-11-29,Chattogram,ST20,Online
C00321,2024-10-20,Dhaka,ST13,Walk-in
C00322,2019-12-26,Chattogram,ST11,Online
C00323,2024-10-13,Rajshahi,ST06,Walk-in
C00324,2018-07-31,Khulna,ST18,Walk-in
C00325,2019-10-27,Sylhet,ST01,Walk-in
C00326,2022-03-08,Dhaka,ST03,Walk-in
C00327,2018-05-28,Rajshahi,ST04,Walk-in
C00328,2024-11-11,Rajshahi,ST14,Referral
C00329,2024-12-07,Dhaka,ST03,Online
C00330,2022-05-01,Khulna,ST16,Referral
C00331,2020-06-11,Dhaka,ST04,Referral
C00332,2018-10-16,Dhaka,ST14,Walk-in
C00333,2022-12-13,Dhaka,ST16,Online
C00334,2022-04-20,Dhaka,ST18,Online
C00335,2024-01-29,Khulna,ST06,Walk-in
C00336,2022-10-26,Chattogram,ST02,Online
C00337,2019-01-10,Dhaka,ST16,Online
C00338,2018-12-22,Chattogram,ST09,Online
C00339,2024-03-30,Chattogram,ST19,Online
C00340,2019-04-10,Dhaka,ST04,Walk-in
C00341,2025-07-03,Dhaka,ST12,Referral
C00342,2018-11-06,Sylhet,ST03,Walk-in
C00343,2023-10-28,Dhaka,ST10,Referral
C00344,2025-10-18,Rajshahi,ST01,Walk-in
C00345,2021-07-12,Dhaka,ST16,Walk-in
C00346,2018-06-15,Rajshahi,ST13,Walk-in
C00347,2025-01-03,Khulna,ST02,Walk-in
C00348,2019-07-01,Dhaka,ST10,Walk-in
C00349,2022-03-21,Dhaka,ST09,Walk-in
C00350,2025-11-14,Barishal,ST14,Online
C00351,2023-12-15,Chattogram,ST10,Social Media
C00352,2018-05-16,Sylhet,ST10,Walk-in
C00353,2024-07-23,,ST17,Online
C00354,2019-04-16,Dhaka,ST11,Referral
C00355,2023-12-29,Chattogram,ST17,Walk-in
C00356,2022-12-19,Khulna,ST18,Referral
C00357,2020-04-20,Dhaka,ST17,Walk-in
C00358,2021-05-21,Rajshahi,ST20,Walk-in
C00359,2018-12-11,Sylhet,ST14,Walk-in
C00360,2025-11-21,Dhaka,ST12,Walk-in
C00361,2019-11-27,Dhaka,ST11,Online
C00362,2020-06-20,Dhaka,ST05,Referral
C00363,2022-01-08,Chattogram,ST17,Walk-in
C00364,2023-05-18,Sylhet,ST14,Social Media
C00365,2022-01-15,Chattogram,ST18,Walk-in
C00366,2022-01-15,Dhaka,ST15,Walk-in
C00367,2022-08-29,Rajshahi,ST10,Referral
C00368,2024-11-09,Sylhet,ST06,Referral
C00369,2021-02-27,Chattogram,ST20,Online
C00370,2024-08-26,Sylhet,ST15,Walk-in
C00371,2024-04-16,Dhaka,ST18,Walk-in
C00372,2025-09-07,Rajshahi,ST12,Walk-in
C00373,2025-04-20,Chattogram,ST11,Referral
C00374,2024-05-19,Chattogram,ST01,Walk-in
C00375,2019-12-22,Dhaka,ST02,Online
C00376,2024-03-10,Sylhet,ST15,Walk-in
C00377,2023-11-21,Sylhet,ST05,Walk-in
C00378,2020-04-25,Dhaka,ST02,Walk-in
C00379,2023-06-03,Khulna,ST16,Online
C00380,2020-01-09,Khulna,ST13,Online
C00381,2022-03-08,Dhaka,ST03,Social Media
C00382,2024-05-15,,ST10,Referral
C00383,2019-07-05,Chattogram,ST10,Online
C00384,2020-09-10,Barishal,ST01,Walk-in
C00385,2024-05-11,Dhaka,ST13,Social Media
C00386,2021-08-18,Dhaka,ST08,Referral
C00387,2025-09-06,Chattogram,ST18,Referral
C00388,2018-01-24,Dhaka,ST03,Walk-in
C00389,2023-10-09,Rajshahi,ST17,Walk-in
C00390,2024-07-05,Chattogram,ST01,Referral
C00391,2025-05-04,Dhaka,ST16,Walk-in
C00392,2019-04-03,Chattogram,ST16,Walk-in
C00393,2025-11-13,Khulna,ST09,Walk-in
C00394,2021-02-19,Rajshahi,ST06,Online
C00395,2020-10-24,,ST03,Walk-in
C00396,2020-11-04,Dhaka,ST07,Online
C00397,2023-02-07,Dhaka,ST14,Online
C00398,2023-04-10,Khulna,ST15,Online
C00399,2021-10-15,Rajshahi,ST04,Walk-in
C00400,2018-07-27,Sylhet,ST01,Social Media
C00401,2025-11-20,Khulna,ST12,Walk-in
C00402,2019-10-11,Dhaka,ST12,Walk-in
C00403,2018-10-01,Rajshahi,ST20,Walk-in
C00404,2022-10-11,Dhaka,ST16,Walk-in
C00405,2021-04-19,Dhaka,ST12,Online
C00406,2022-12-03,Chattogram,ST12,Walk-in
C00407,2024-12-31,Chattogram,ST13,Referral
C00408,2018-10-12,Barishal,ST10,Walk-in
C00409,2020-04-09,Dhaka,ST14,Social Media
C00410,2022-02-17,Khulna,ST04,Online
C00411,2024-04-19,Rajshahi,ST17,Walk-in
C00412,2022-10-20,Sylhet,ST18,Online
C00413,2021-01-22,Barishal,ST09,Walk-in
C00414,2022-11-17,Chattogram,ST10,Social Media
C00415,2025-11-01,Chattogram,ST10,Referral
C00416,2021-11-02,Dhaka,ST17,Online
C00417,2025-01-23,Dhaka,ST04,Walk-in
C00418,2024-03-27,Khulna,ST07,Social Media
C00419,2020-05-29,Chattogram,ST13,Online
C00420,2019-12-30,Dhaka,ST14,Online
C00421,2024-02-27,Dhaka,ST06,Walk-in
C00422,2019-08-29,Chattogram,ST03,Walk-in
C00423,2020-09-10,Rajshahi,ST11,Online
C00424,2019-11-19,,ST13,Online
C00425,2022-11-06,Rajshahi,ST16,Referral
C00426,2020-05-08,Sylhet,ST01,Online
C00427,2023-04-07,Rajshahi,ST01,Online
C00428,2025-06-22,Dhaka,ST08,Walk-in
C00429,2024-08-19,Sylhet,ST12,Referral
C00430,2025-07-31,Dhaka,ST01,Walk-in
C00431,2018-03-13,,ST04,Referral
C00432,2021-08-22,Rajshahi,ST09,Walk-in
C00433,2019-10-05,Sylhet,ST06,Online
C00434,2025-05-04,Dhaka,ST15,Referral
C00435,2023-09-10,Khulna,ST01,Referral
C00436,2020-07-24,Dhaka,ST18,Walk-in
C00437,2022-07-04,Sylhet,ST04,Online
C00438,2022-11-03,Barishal,ST09,Walk-in
C00439,2021-12-18,,ST20,Walk-in
C00440,2021-10-17,Khulna,ST14,Referral
C00441,2018-06-11,Sylhet,ST20,Referral
C00442,2021-08-14,Rajshahi,ST01,Walk-in
C00443,2020-10-13,Sylhet,ST15,Social Media
C00444,2024-07-17,Rajshahi,ST02,Walk-in
C00445,2024-12-01,Dhaka,ST13,Social Media
C00446,2024-01-01,Rajshahi,ST07,Referral
C00447,2018-04-01,Dhaka,ST16,Social Media
C00448,2024-09-22,Barishal,ST03,Referral
C00449,2021-03-03,Dhaka,ST18,Social Media
C00450,2021-04-30,Dhaka,ST10,Online
C00451,2025-07-22,Khulna,ST11,Walk-in
C00452,2024-12-07,Dhaka,ST12,Walk-in
C00453,2018-05-29,Chattogram,ST01,Referral
C00454,2020-11-16,Rajshahi,ST07,Walk-in
C00455,2023-12-30,Dhaka,ST15,Social Media
C00456,2022-04-23,Dhaka,ST20,Walk-in
C00457,2020-01-23,Chattogram,ST20,Referral
C00458,2022-03-13,Dhaka,ST11,Walk-in
C00459,2024-12-05,Dhaka,ST06,Referral
C00460,2019-10-15,Dhaka,ST10,Social Media
C00461,2023-12-19,Chattogram,ST10,Walk-in
C00462,2023-11-16,Dhaka,ST08,Online
C00463,2025-01-30,Dhaka,ST08,Walk-in
C00464,2020-05-19,Sylhet,ST18,Referral
C00465,2019-09-23,,ST08,Referral
C00466,2022-05-19,Dhaka,ST01,Walk-in
C00467,2022-04-01,Dhaka,ST15,Walk-in
C00468,2021-04-10,Khulna,ST14,Walk-in
C00469,2024-03-25,Sylhet,ST08,Walk-in
C00470,2024-05-22,Chattogram,ST13,Referral
C00471,2019-12-19,Chattogram,ST19,Walk-in
C00472,2024-05-11,Dhaka,ST19,Social Media
C00473,2019-11-05,Khulna,ST16,Social Media
C00474,2021-04-05,Khulna,ST12,Social Media
C00475,2018-03-21,Khulna,ST01,Online
C00476,2020-09-20,Dhaka,ST11,Walk-in
C00477,2025-08-30,Dhaka,ST17,Referral
C00478,2021-07-16,Dhaka,ST17,Online
C00479,2023-09-05,Dhaka,ST16,Social Media
C00480,2018-11-12,Dhaka,ST20,Walk-in
C00481,2023-01-30,Sylhet,ST11,Walk-in
C00482,2020-12-20,Dhaka,ST03,Social Media
C00483,2023-12-13,Khulna,ST10,Referral
C00484,2025-06-02,Dhaka,ST07,Walk-in
C00485,2022-04-02,Dhaka,ST17,Online
C00486,2018-10-28,Khulna,ST16,Walk-in
C00487,2021-10-22,Rajshahi,ST09,Online
C00488,2018-12-26,Chattogram,ST08,Walk-in
C00489,2021-08-05,Sylhet,ST04,Walk-in
C00490,2018-06-28,Dhaka,ST01,Walk-in
C00491,2023-02-14,Dhaka,ST07,Walk-in
C00492,2020-06-25,Chattogram,ST05,Walk-in
C00493,2019-08-12,Chattogram,ST06,Walk-in
C00494,2018-02-20,Sylhet,ST20,Walk-in
C00495,2025-02-06,Dhaka,ST14,Online
C00496,2024-09-10,Sylhet,ST12,Online
C00497,2024-06-28,,ST04,Online
C00498,2018-06-19,Dhaka,ST17,Walk-in
C00499,2020-10-17,Dhaka,ST13,Walk-in
C00500,2025-10-07,Chattogram,ST11,Referral
C00501,2022-08-17,Rajshahi,ST10,Referral
C00502,2019-01-11,Sylhet,ST12,Social Media
C00503,2019-02-16,Rajshahi,ST17,Social Media
C00504,2020-02-08,Chattogram,ST15,Online
C00505,2025-10-10,Dhaka,ST10,Referral
C00506,2019-05-11,Chattogram,ST14,Walk-in
C00507,2025-03-21,Dhaka,ST19,Referral
C00508,2023-06-03,Rajshahi,ST07,Social Media
C00509,2025-05-15,Dhaka,ST19,Referral
C00510,2024-08-08,Dhaka,ST13,Walk-in
C00511,2020-08-27,,ST04,Walk-in
C00512,2024-08-14,Chattogram,ST20,Walk-in
C00513,2019-05-09,Sylhet,ST14,Walk-in
C00514,2020-04-29,Chattogram,ST08,Referral
C00515,2019-09-11,Khulna,ST05,Online
C00516,2019-01-24,Khulna,ST19,Walk-in
C00517,2018-09-20,Khulna,ST17,Online
C00518,2019-07-02,Sylhet,ST01,Walk-in
C00519,2018-12-17,Sylhet,ST13,Online
C00520,2021-01-15,Sylhet,ST03,Walk-in
C00521,2018-07-28,Chattogram,ST06,Online
C00522,2018-06-28,Dhaka,ST12,Online
C00523,2025-11-30,Sylhet,ST05,Online
C00524,2018-09-14,Dhaka,ST11,Referral
C00525,2018-08-05,Dhaka,ST09,Walk-in
C00526,2018-03-29,Khulna,ST12,Online
C00527,2019-01-23,Dhaka,ST17,Walk-in
C00528,2022-03-22,Chattogram,ST04,Walk-in
C00529,2024-08-12,Sylhet,ST16,Online
C00530,2023-11-16,Dhaka,ST05,Online
C00531,2022-08-22,Khulna,ST01,Social Media
C00532,2018-09-06,Dhaka,ST09,Walk-in
C00533,2024-03-11,Khulna,ST07,Referral
C00534,2018-04-19,Rajshahi,ST04,Walk-in
C00535,2023-01-17,Dhaka,ST09,Online
C00536,2021-04-10,Dhaka,ST18,Referral
C00537,2025-01-19,Dhaka,ST12,Online
C00538,2020-06-16,,ST15,Referral
C00539,2023-02-08,,ST03,Referral
C00540,2021-07-08,,ST02,Walk-in
C00541,2022-03-05,Dhaka,ST07,Social Media
C00542,2025-07-04,Khulna,ST16,Social Media
C00543,2023-09-13,Dhaka,ST18,Walk-in
C00544,2021-04-25,Barishal,ST03,Walk-in
C00545,2021-07-30,Dhaka,ST10,Walk-in
C00546,2023-08-20,Chattogram,ST08,Referral
C00547,2020-10-07,Sylhet,ST15,Social Media
C00548,2019-05-06,Dhaka,ST05,Referral
C00549,2021-09-27,Khulna,ST10,Walk-in
C00550,2018-07-19,,ST17,Walk-in
C00551,2019-05-11,Chattogram,ST10,Online
C00552,2021-05-13,Chattogram,ST16,Walk-in
C00553,2024-05-14,Sylhet,ST13,Walk-in
C00554,2024-03-31,Dhaka,ST12,Walk-in
C00555,2020-02-01,Dhaka,ST06,Walk-in
C00556,2021-05-17,Dhaka,ST20,Walk-in
C00557,2019-03-25,Dhaka,ST05,Referral
C00558,2024-01-15,Dhaka,ST19,Walk-in
C00559,2019-12-21,Barishal,ST20,Walk-in
C00560,2024-05-23,Chattogram,ST11,Online
C00561,2024-09-24,Sylhet,ST18,Social Media
C00562,2023-07-06,Chattogram,ST15,Referral
C00563,2020-08-22,Dhaka,ST15,Online
C00564,2025-08-14,Chattogram,ST02,Online
C00565,2023-06-27,Dhaka,ST03,Online
C00566,2023-03-01,Dhaka,ST02,Online
C00567,2024-11-05,Chattogram,ST01,Walk-in
C00568,2025-01-17,Chattogram,ST17,Online
C00569,2018-08-16,Barishal,ST04,Walk-in
C00570,2025-01-18,Dhaka,ST01,Walk-in
C00571,2024-02-12,Chattogram,ST19,Walk-in
C00572,2019-08-27,Dhaka,ST06,Walk-in
C00573,2020-06-17,Dhaka,ST17,Walk-in
C00574,2024-01-07,Rajshahi,ST20,Online
C00575,2019-09-25,Dhaka,ST11,Walk-in
C00576,2021-08-14,Sylhet,ST19,Walk-in
C00577,2023-07-05,Chattogram,ST20,Walk-in
C00578,2023-03-15,Dhaka,ST03,Walk-in
C00579,2025-04-10,Barishal,ST03,Online
C00580,2018-11-22,Chattogram,ST08,Walk-in
C00581,2020-05-11,,ST12,Walk-in
C00582,2025-11-15,Chattogram,ST16,Walk-in
C00583,2022-07-19,Barishal,ST04,Walk-in
C00584,2019-12-28,Dhaka,ST04,Walk-in
C00585,2020-04-26,Chattogram,ST07,Walk-in
C00586,2020-09-17,Rajshahi,ST06,Online
C00587,2022-06-07,Dhaka,ST19,Social Media
C00588,2020-04-10,Chattogram,ST08,Online
C00589,2022-12-21,Barishal,ST18,Walk-in
C00590,2021-07-24,Sylhet,ST02,Walk-in
C00591,2022-11-18,Rajshahi,ST03,Referral
C00592,2019-03-29,Sylhet,ST17,Walk-in
C00593,2022-12-26,Khulna,ST05,Social Media
C00594,2025-05-24,,ST02,Online
C00595,2019-01-30,Sylhet,ST12,Walk-in
C00596,2020-08-14,Dhaka,ST03,Walk-in
C00597,2023-07-19,Dhaka,ST02,Social Media
C00598,2022-12-08,Sylhet,ST09,Social Media
C00599,2023-05-25,Khulna,ST12,Referral
C00600,2022-06-22,Chattogram,ST11,Walk-in
C00601,2023-06-17,Dhaka,ST12,Referral
C00602,2022-11-15,Dhaka,ST01,Walk-in
C00603,2018-08-05,Chattogram,ST06,Walk-in
C00604,2024-01-03,,ST07,Online
C00605,2021-07-28,Dhaka,ST06,Social Media
C00606,2018-05-31,Sylhet,ST12,Walk-in
C00607,2021-04-09,,ST05,Walk-in
C00608,2021-06-24,Barishal,ST13,Walk-in
C00609,2018-09-11,Dhaka,ST19,Walk-in
C00610,2025-12-18,Barishal,ST14,Walk-in
C00611,2019-10-12,Sylhet,ST08,Referral
C00612,2020-08-23,Rajshahi,ST09,Walk-in
C00613,2021-07-11,Dhaka,ST12,Online
C00614,2024-08-27,Chattogram,ST15,Walk-in
C00615,2023-12-10,Sylhet,ST07,Walk-in
C00616,2024-03-01,Dhaka,ST01,Walk-in
C00617,2019-11-24,Chattogram,ST15,Walk-in
C00618,2024-10-04,Sylhet,ST14,Online
C00619,2024-08-19,Sylhet,ST03,Online
C00620,2021-09-16,Dhaka,ST13,Social Media
C00621,2022-05-13,Chattogram,ST02,Walk-in
C00622,2018-04-19,Dhaka,ST13,Online
C00623,2024-01-30,Khulna,ST15,Social Media
C00624,2025-09-06,Barishal,ST01,Walk-in
C00625,2021-10-11,Dhaka,ST15,Referral
C00626,2022-04-28,Dhaka,ST03,Social Media
C00627,2021-12-28,Dhaka,ST06,Referral
C00628,2018-08-30,,ST15,Online
C00629,2022-12-15,Khulna,ST08,Online
C00630,2023-10-08,Chattogram,ST20,Walk-in
C00631,2025-06-02,Dhaka,ST20,Online
C00632,2025-06-07,Dhaka,ST20,Social Media
C00633,2021-12-07,,ST03,Walk-in
C00634,2025-09-01,Khulna,ST04,Referral
C00635,2022-03-24,Sylhet,ST04,Online
C00636,2023-02-18,Sylhet,ST12,Walk-in
C00637,2022-10-24,Dhaka,ST09,Online
C00638,2025-12-26,Barishal,ST15,Referral
C00639,2023-11-24,Dhaka,ST06,Online
C00640,2018-12-17,Khulna,ST04,Referral
C00641,2018-07-29,Khulna,ST13,Walk-in
C00642,2021-04-11,Chattogram,ST13,Social Media
C00643,2022-02-14,Khulna,ST14,Online
C00644,2023-05-07,Dhaka,ST07,Referral
C00645,2021-11-07,Sylhet,ST11,Walk-in
C00646,2022-02-11,Dhaka,ST19,Walk-in
C00647,2025-05-15,Chattogram,ST13,Social Media
C00648,2020-09-04,Dhaka,ST19,Walk-in
C00649,2021-12-12,Dhaka,ST09,Walk-in
C00650,2022-06-16,Dhaka,ST01,Referral
C00651,2021-09-29,Dhaka,ST16,Online
C00652,2025-09-27,Sylhet,ST10,Referral
C00653,2025-09-10,Chattogram,ST01,Online
C00654,2022-02-07,Dhaka,ST03,Social Media
C00655,2021-08-08,Barishal,ST07,Walk-in
C00656,2022-09-16,Barishal,ST04,Online
C00657,2019-06-13,Dhaka,ST14,Referral
C00658,2021-05-28,Chattogram,ST13,Online
C00659,2019-09-26,Sylhet,ST07,Walk-in
C00660,2019-02-25,Rajshahi,ST02,Walk-in
C00661,2018-10-05,Chattogram,ST02,Online
C00662,2022-09-11,Rajshahi,ST19,Referral
C00663,2018-01-02,Dhaka,ST07,Online
C00664,2023-03-02,Dhaka,ST03,Referral
C00665,2021-06-15,Rajshahi,ST15,Referral
C00666,2020-12-06,Sylhet,ST18,Walk-in
C00667,2024-02-25,Khulna,ST03,Online
C00668,2022-04-23,Dhaka,ST19,Online
C00669,2023-11-12,,ST15,Walk-in
C00670,2023-09-03,,ST06,Walk-in
C00671,2018-04-04,Dhaka,ST16,Online
C00672,2019-09-22,Dhaka,ST09,Referral
C00673,2022-07-23,Chattogram,ST13,Walk-in
C00674,2025-10-19,,ST03,Walk-in
C00675,2019-03-27,Sylhet,ST05,Walk-in
C00676,2018-11-05,Chattogram,ST16,Referral
C00677,2025-07-10,Dhaka,ST17,Online
C00678,2025-09-24,Rajshahi,ST01,Walk-in
C00679,2019-05-04,Dhaka,ST05,Social Media
C00680,2021-03-18,Khulna,ST13,Walk-in
C00681,2023-01-04,Dhaka,ST19,Walk-in
C00682,2019-07-25,Chattogram,ST14,Walk-in
C00683,2020-08-10,Khulna,ST15,Online
C00684,2021-02-28,Sylhet,ST08,Referral
C00685,2023-02-17,Sylhet,ST02,Walk-in
C00686,2020-06-18,Rajshahi,ST16,Referral
C00687,2021-04-18,Dhaka,ST16,Online
C00688,2020-04-25,Rajshahi,ST09,Referral
C00689,2024-01-28,Khulna,ST11,Social Media
C00690,2019-03-23,Barishal,ST05,Referral
C00691,2019-11-05,Chattogram,ST10,Walk-in
C00692,2019-12-31,Dhaka,ST05,Walk-in
C00693,2025-03-29,Rajshahi,ST09,Social Media
C00694,2025-07-20,Chattogram,ST03,Online
C00695,2021-12-31,Dhaka,ST13,Online
C00696,2019-04-02,Dhaka,ST05,Social Media
C00697,2024-01-17,Dhaka,ST15,Referral
C00698,2021-12-07,Chattogram,ST11,Online
C00699,2024-10-17,Dhaka,ST18,Referral
C00700,2020-11-17,Dhaka,ST05,Walk-in
C00701,2025-12-26,,ST06,Referral
C00702,2024-06-14,Barishal,ST05,Social Media
C00703,2019-10-16,Dhaka,ST13,Walk-in
C00704,2023-10-20,Dhaka,ST03,Walk-in
C00705,2020-04-17,Chattogram,ST14,Referral
C00706,2020-10-18,Dhaka,ST17,Online
C00707,2020-01-02,Barishal,ST14,Walk-in
C00708,2023-06-16,Khulna,ST03,Walk-in
C00709,2020-02-07,Chattogram,ST10,Walk-in
C00710,2023-02-09,Chattogram,ST11,Walk-in
C00711,2022-08-28,Chattogram,ST08,Referral
C00712,2024-01-02,Dhaka,ST10,Online
C00713,2025-12-11,Dhaka,ST16,Online
C00714,2018-01-26,Dhaka,ST17,Walk-in
C00715,2025-12-01,Dhaka,ST07,Walk-in
C00716,2018-11-16,Sylhet,ST07,Walk-in
C00717,2022-03-19,Dhaka,ST05,Referral
C00718,2020-09-22,Dhaka,ST09,Social Media
C00719,2023-02-09,Chattogram,ST11,Walk-in
C00720,2023-10-09,,ST15,Social Media
C00721,2024-11-16,Dhaka,ST06,Walk-in
C00722,2021-03-19,Dhaka,ST05,Walk-in
C00723,2025-06-17,Dhaka,ST01,Referral
C00724,2020-07-30,Dhaka,ST02,Walk-in
C00725,2019-08-19,Khulna,ST02,Social Media
C00726,2021-01-12,Khulna,ST05,Walk-in
C00727,2022-03-24,Chattogram,ST14,Referral
C00728,2023-05-06,Chattogram,ST16,Walk-in
C00729,2024-08-28,Rajshahi,ST20,Walk-in
C00730,2019-10-19,Sylhet,ST11,Walk-in
C00731,2020-06-04,Dhaka,ST10,Social Media
C00732,2025-07-03,Dhaka,ST18,Online
C00733,2021-07-08,Chattogram,ST03,Online
C00734,2019-12-07,Sylhet,ST13,Walk-in
C00735,2025-11-18,Dhaka,ST17,Walk-in
C00736,2021-08-03,Dhaka,ST11,Walk-in
C00737,2025-11-16,,ST06,Referral
C00738,2025-05-08,Dhaka,ST13,Walk-in
C00739,2025-03-30,Chattogram,ST20,Walk-in
C00740,2022-08-26,Sylhet,ST05,Online
C00741,2024-05-20,Chattogram,ST12,Online
C00742,2025-09-05,Dhaka,ST02,Walk-in
C00743,2020-02-25,,ST05,Walk-in
C00744,2018-04-21,Khulna,ST16,Walk-in
C00745,2020-07-25,Chattogram,ST10,Online
C00746,2023-02-03,Dhaka,ST04,Walk-in
C00747,2022-05-18,Dhaka,ST07,Online
C00748,2018-08-24,Khulna,ST03,Walk-in
C00749,2022-06-26,Rajshahi,ST16,Social Media
C00750,2019-05-25,Khulna,ST19,Social Media
C00751,2022-01-16,Sylhet,ST03,Walk-in
C00752,2022-08-09,Chattogram,ST05,Walk-in
C00753,2023-02-03,Chattogram,ST18,Walk-in
C00754,2021-04-19,Dhaka,ST18,Referral
C00755,2021-04-07,Sylhet,ST16,Online
C00756,2023-06-05,Sylhet,ST15,Online
C00757,2023-12-28,,ST18,Walk-in
C00758,2024-06-16,Khulna,ST08,Walk-in
C00759,2020-08-31,Chattogram,ST18,Online
C00760,2021-05-23,Dhaka,ST18,Online
C00761,2020-08-23,Dhaka,ST05,Referral
C00762,2022-03-21,Khulna,ST02,Referral
C00763,2019-01-07,,ST11,Online
C00764,2021-06-09,Chattogram,ST16,Online
C00765,2019-07-06,Barishal,ST17,Social Media
C00766,2022-04-04,Khulna,ST03,Referral
C00767,2024-10-19,Khulna,ST08,Referral
C00768,2025-11-17,Khulna,ST16,Social Media
C00769,2021-07-27,,ST02,Walk-in
C00770,2018-06-14,Rajshahi,ST15,Online
C00771,2019-10-28,Sylhet,ST06,Online
C00772,2018-11-03,Rajshahi,ST01,Walk-in
C00773,2024-01-27,Dhaka,ST05,Online
C00774,2025-11-15,Rajshahi,ST15,Walk-in
C00775,2022-06-06,Barishal,ST18,Walk-in
C00776,2019-06-01,Dhaka,ST02,Walk-in
C00777,2018-03-03,Barishal,ST10,Online
C00778,2025-10-21,Chattogram,ST05,Online
C00779,2020-07-12,Dhaka,ST14,Online
C00780,2018-11-24,Dhaka,ST16,Walk-in
C00781,2019-06-01,Rajshahi,ST20,Online
C00782,2020-01-16,Sylhet,ST08,Walk-in
C00783,2023-03-31,Dhaka,ST06,Walk-in
C00784,2025-02-17,Sylhet,ST07,Walk-in
C00785,2020-03-14,Dhaka,ST16,Referral
C00786,2023-06-30,Chattogram,ST09,Walk-in
C00787,2018-07-09,Khulna,ST01,Online
C00788,2018-01-30,Sylhet,ST19,Referral
C00789,2018-06-10,Rajshahi,ST03,Walk-in
C00790,2025-05-19,Sylhet,ST19,Referral
C00791,2022-08-26,Barishal,ST04,Walk-in
C00792,2024-06-09,Dhaka,ST11,Walk-in
C00793,2018-03-05,Dhaka,ST07,Walk-in
C00794,2018-03-06,Dhaka,ST14,Online
C00795,2024-10-14,Sylhet,ST09,Social Media
C00796,2018-10-27,Sylhet,ST08,Online
C00797,2019-03-30,Rajshahi,ST10,Online
C00798,2022-02-24,Dhaka,ST20,Walk-in
C00799,2022-11-07,Dhaka,ST05,Social Media
C00800,2019-10-31,Sylhet,ST05,Walk-in
C00801,2021-07-22,,ST02,Walk-in
C00802,2023-05-25,Dhaka,ST15,Social Media
C00803,2021-07-17,Dhaka,ST14,Walk-in
C00804,2021-01-22,Dhaka,ST13,Walk-in
C00805,2018-07-29,,ST01,Walk-in
C00806,2021-08-12,Dhaka,ST16,Walk-in
C00807,2024-06-02,Dhaka,ST17,Referral
C00808,2023-01-05,Sylhet,ST19,Walk-in
C00809,2025-02-20,Dhaka,ST19,Social Media
C00810,2019-01-04,Chattogram,ST06,Walk-in
C00811,2018-02-02,Dhaka,ST15,Online
C00812,2022-05-20,Khulna,ST09,Online
C00813,2019-06-06,Chattogram,ST12,Online
C00814,2022-10-01,Dhaka,ST07,Online
C00815,2025-03-24,Dhaka,ST14,Online
C00816,2020-09-11,,ST20,Online
C00817,2022-05-24,Khulna,ST14,Referral
C00818,2023-06-14,Dhaka,ST19,Walk-in
C00819,2019-03-15,Dhaka,ST19,Walk-in
C00820,2025-03-05,Dhaka,ST03,Online
C00821,2019-08-16,Sylhet,ST20,Walk-in
C00822,2024-06-18,Barishal,ST17,Walk-in
C00823,2023-04-12,Chattogram,ST09,Social Media
C00824,2019-02-16,Dhaka,ST13,Walk-in
C00825,2023-10-18,Rajshahi,ST13,Walk-in
C00826,2019-07-28,,ST16,Online
C00827,2022-10-17,Dhaka,ST17,Walk-in
C00828,2025-09-03,Dhaka,ST03,Walk-in
C00829,2025-08-15,Chattogram,ST01,Walk-in
C00830,2024-12-19,Rajshahi,ST05,Walk-in
C00831,2021-12-13,Rajshahi,ST11,Walk-in
C00832,2022-06-22,,ST17,Referral
C00833,2020-05-26,Khulna,ST14,Walk-in
C00834,2025-05-13,Dhaka,ST03,Walk-in
C00835,2021-10-25,Dhaka,ST15,Online
C00836,2024-03-03,Dhaka,ST10,Walk-in
C00837,2020-11-16,Khulna,ST08,Walk-in
C00838,2023-12-03,Sylhet,ST16,Walk-in
C00839,2019-10-18,Dhaka,ST06,Walk-in
C00840,2023-11-13,Dhaka,ST13,Walk-in
C00841,2018-05-15,Rajshahi,ST04,Walk-in
C00842,2018-11-03,Rajshahi,ST08,Referral
C00843,2020-10-25,Sylhet,ST12,Social Media
C00844,2021-11-08,Dhaka,ST13,Referral
C00845,2023-09-09,Khulna,ST19,Walk-in
C00846,2020-11-14,Rajshahi,ST06,Referral
C00847,2018-02-23,Sylhet,ST18,Online
C00848,2020-08-08,Sylhet,ST17,Walk-in
C00849,2021-07-06,Khulna,ST08,Social Media
C00850,2022-05-07,Barishal,ST03,Referral
C00851,2023-02-24,Sylhet,ST06,Walk-in
C00852,2019-12-25,Chattogram,ST14,Social Media
C00853,2022-11-18,Chattogram,ST16,Walk-in
C00854,2023-01-19,Khulna,ST13,Walk-in
C00855,2024-03-17,Sylhet,ST15,Walk-in
C00856,2022-03-05,Dhaka,ST03,Walk-in
C00857,2024-06-24,Dhaka,ST11,Social Media
C00858,2019-10-10,,ST18,Online
C00859,2023-09-10,Khulna,ST08,Walk-in
C00860,2018-05-14,Barishal,ST18,Referral
C00861,2018-10-28,Chattogram,ST03,Referral
C00862,2024-11-29,Rajshahi,ST20,Social Media
C00863,2021-10-19,Khulna,ST16,Social Media
C00864,2022-12-18,Dhaka,ST13,Social Media
C00865,2022-10-28,Dhaka,ST13,Online
C00866,2023-07-22,Barishal,ST19,Walk-in
C00867,2019-12-19,Dhaka,ST08,Social Media
C00868,2019-06-05,Sylhet,ST04,Walk-in
C00869,2018-05-05,Sylhet,ST19,Walk-in
C00870,2024-11-30,,ST03,Walk-in
C00871,2019-10-15,,ST14,Walk-in
C00872,2022-08-07,,ST06,Online
C00873,2021-08-21,Dhaka,ST19,Social Media
C00874,2019-04-20,Khulna,ST20,Walk-in
C00875,2021-04-23,Dhaka,ST10,Online
C00876,2018-08-31,Rajshahi,ST11,Walk-in
C00877,2019-05-31,Rajshahi,ST10,Online
C00878,2019-02-12,Dhaka,ST09,Walk-in
C00879,2024-08-04,Dhaka,ST19,Walk-in
C00880,2022-07-15,,ST06,Online
C00881,2025-05-27,,ST20,Online
C00882,2021-06-27,Dhaka,ST14,Walk-in
C00883,2019-08-11,Chattogram,ST20,Walk-in
C00884,2022-11-13,Barishal,ST13,Walk-in
C00885,2025-06-07,Sylhet,ST17,Online
C00886,2022-04-05,Chattogram,ST10,Walk-in
C00887,2018-02-22,Barishal,ST10,Walk-in
C00888,2020-06-05,Chattogram,ST06,Referral
C00889,2025-05-24,Chattogram,ST05,Online
C00890,2022-02-22,Chattogram,ST01,Walk-in
C00891,2025-08-11,Dhaka,ST08,Online
C00892,2022-01-27,Dhaka,ST20,Walk-in
C00893,2018-02-05,,ST19,Walk-in
C00894,2024-12-24,Dhaka,ST14,Online
C00895,2024-02-07,Rajshahi,ST08,Walk-in
C00896,2023-09-20,Dhaka,ST11,Walk-in
C00897,2025-10-03,Chattogram,ST16,Referral
C00898,2019-07-27,Dhaka,ST01,Online
C00899,2025-03-30,Sylhet,ST19,Social Media
C00900,2019-11-11,Rajshahi,ST18,Referral
C00901,2025-10-05,Chattogram,ST20,Walk-in
C00902,2019-07-13,,ST02,Online
C00903,2022-05-26,Dhaka,ST19,Walk-in
C00904,2024-04-23,Khulna,ST13,Online
C00905,2018-08-17,,ST12,Walk-in
C00906,2018-07-14,Rajshahi,ST04,Walk-in
C00907,2024-10-17,Dhaka,ST10,Walk-in
C00908,2018-06-26,Dhaka,ST08,Referral
C00909,2022-11-28,Rajshahi,ST20,Walk-in
C00910,2025-07-02,Chattogram,ST07,Online
C00911,2022-12-01,Dhaka,ST05,Referral
C00912,2021-11-05,Barishal,ST19,Online
C00913,2021-05-03,Dhaka,ST04,Walk-in
C00914,2023-02-07,Chattogram,ST19,Walk-in
C00915,2022-07-28,Chattogram,ST20,Social Media
C00916,2022-01-05,Chattogram,ST07,Online
C00917,2019-03-25,Rajshahi,ST14,Walk-in
C00918,2023-04-19,Dhaka,ST16,Social Media
C00919,2023-12-01,Barishal,ST11,Walk-in
C00920,2023-09-01,Sylhet,ST14,Walk-in
C00921,2018-08-08,Barishal,ST03,Walk-in
C00922,2023-08-15,Khulna,ST11,Walk-in
C00923,2023-11-01,Barishal,ST11,Walk-in
C00924,2019-06-20,Sylhet,ST12,Online
C00925,2024-10-15,Chattogram,ST19,Walk-in
C00926,2022-03-10,Chattogram,ST17,Online
C00927,2021-10-11,Sylhet,ST13,Referral
C00928,2023-10-12,Chattogram,ST09,Referral
C00929,2022-01-28,Rajshahi,ST09,Walk-in
C00930,2022-05-10,Dhaka,ST01,Referral
C00931,2020-06-30,Khulna,ST12,Walk-in
C00932,2025-06-02,Dhaka,ST06,Online
C00933,2025-10-01,,ST18,Walk-in
C00934,2019-01-16,Dhaka,ST16,Online
C00935,2023-11-11,Dhaka,ST19,Walk-in
C00936,2018-03-10,Khulna,ST20,Online
C00937,2020-12-13,Khulna,ST09,Walk-in
C00938,2025-10-03,Rajshahi,ST09,Walk-in
C00939,2019-05-26,Barishal,ST13,Online
C00940,2021-01-05,Dhaka,ST09,Walk-in
C00941,2019-10-04,Khulna,ST06,Online
C00942,2023-10-28,Chattogram,ST15,Online
C00943,2021-09-16,Chattogram,ST10,Online
C00944,2022-09-28,Chattogram,ST19,Online
C00945,2025-07-15,Dhaka,ST05,Referral
C00946,2022-03-02,Sylhet,ST09,Social Media
C00947,2023-11-14,Rajshahi,ST11,Walk-in
C00948,2018-10-13,Dhaka,ST19,Online
C00949,2019-09-21,Barishal,ST12,Online
C00950,2025-07-27,Chattogram,ST02,Walk-in
C00951,2024-11-14,Dhaka,ST07,Walk-in
C00952,2023-04-02,Sylhet,ST18,Walk-in
C00953,2021-01-09,Dhaka,ST06,Online
C00954,2019-08-07,,ST07,Walk-in
C00955,2024-10-23,Rajshahi,ST04,Online
C00956,2024-04-12,Dhaka,ST15,Online
C00957,2019-12-07,Dhaka,ST03,Online
C00958,2022-09-19,Rajshahi,ST08,Walk-in
C00959,2022-12-12,Dhaka,ST15,Referral
C00960,2021-10-26,Khulna,ST18,Online
C00961,2025-05-29,Rajshahi,ST05,Walk-in
C00962,2018-12-29,Dhaka,ST07,Walk-in
C00963,2020-01-24,Chattogram,ST03,Walk-in
C00964,2018-10-05,Dhaka,ST09,Social Media
C00965,2023-07-17,Sylhet,ST20,Walk-in
C00966,2023-02-24,Dhaka,ST07,Walk-in
C00967,2025-11-22,Barishal,ST06,Walk-in
C00968,2022-05-03,Dhaka,ST08,Walk-in
C00969,2019-03-16,,ST18,Walk-in
C00970,2021-08-09,Dhaka,ST11,Referral
C00971,2018-09-16,Dhaka,ST13,Walk-in
C00972,2023-05-14,Chattogram,ST16,Referral
C00973,2023-05-23,Sylhet,ST15,Walk-in
C00974,2024-11-09,Barishal,ST12,Walk-in
C00975,2020-09-19,Dhaka,ST12,Referral
C00976,2020-06-24,Dhaka,ST11,Online
C00977,2018-07-28,Chattogram,ST04,Referral
C00978,2021-04-27,Chattogram,ST09,Walk-in
C00979,2021-10-19,Khulna,ST17,Online
C00980,2024-01-13,Khulna,ST01,Online
C00981,2024-01-11,,ST17,Walk-in
C00982,2019-02-14,Dhaka,ST12,Referral
C00983,2020-04-12,Chattogram,ST07,Walk-in
C00984,2022-02-02,Rajshahi,ST03,Walk-in
C00985,2020-09-05,Dhaka,ST16,Referral
C00986,2018-03-16,Sylhet,ST01,Online
C00987,2024-10-05,Dhaka,ST11,Referral
C00988,2023-11-06,,ST04,Referral
C00989,2022-02-27,Khulna,ST19,Walk-in
C00990,2020-07-16,Dhaka,ST04,Online
C00991,2024-09-26,Barishal,ST17,Social Media
C00992,2018-04-14,Dhaka,ST12,Walk-in
C00993,2021-07-27,Dhaka,ST01,Walk-in
C00994,2024-05-27,Dhaka,ST15,Social Media
C00995,2025-08-14,Dhaka,ST18,Walk-in
C00996,2020-01-05,Chattogram,ST05,Social Media
C00997,2023-03-16,Dhaka,ST20,Walk-in
C00998,2019-07-08,Sylhet,ST16,Referral
C00999,2018-12-05,Khulna,ST15,Online
C01000,2020-10-27,Chattogram,ST07,Online
C01001,2025-01-28,Dhaka,ST03,Referral
C01002,2023-07-07,Chattogram,ST09,Walk-in
C01003,2021-11-29,Rajshahi,ST17,Online
C01004,2020-04-05,Sylhet,ST12,Social Media
C01005,2019-02-18,,ST13,Social Media
C01006,2020-03-01,Chattogram,ST16,Social Media
C01007,2019-03-22,Chattogram,ST07,Online
C01008,2019-07-01,Dhaka,ST01,Online
C01009,2023-07-01,Dhaka,ST18,Online
C01010,2019-01-23,Barishal,ST13,Online
C01011,2018-05-19,Dhaka,ST12,Online
C01012,2022-05-03,Dhaka,ST12,Walk-in
C01013,2020-04-16,Dhaka,ST18,Walk-in
C01014,2021-08-20,Sylhet,ST16,Online
C01015,2019-02-13,Chattogram,ST14,Walk-in
C01016,2019-09-06,Dhaka,ST16,Walk-in
C01017,2021-07-11,Chattogram,ST06,Walk-in
C01018,2023-07-08,Rajshahi,ST15,Referral
C01019,2021-04-24,Dhaka,ST20,Social Media
C01020,2022-05-01,Khulna,ST05,Online
C01021,2022-03-04,Dhaka,ST12,Social Media
C01022,2020-02-25,Dhaka,ST14,Referral
C01023,2020-03-27,Barishal,ST11,Walk-in
C01024,2021-05-28,Khulna,ST20,Walk-in
C01025,2018-04-04,Dhaka,ST09,Walk-in
C01026,2023-06-25,Khulna,ST05,Walk-in
C01027,2022-11-30,Chattogram,ST03,Online
C01028,2020-06-12,Dhaka,ST17,Walk-in
C01029,2020-12-27,Khulna,ST14,Social Media
C01030,2020-08-17,,ST12,Online
C01031,2023-03-17,Dhaka,ST09,Walk-in
C01032,2024-01-28,Sylhet,ST09,Social Media
C01033,2018-11-14,Chattogram,ST19,Social Media
C01034,2021-04-21,,ST14,Referral
C01035,2018-02-10,Barishal,ST20,Referral
C01036,2021-08-13,Chattogram,ST17,Social Media
C01037,2019-12-27,Sylhet,ST16,Online
C01038,2020-09-07,Sylhet,ST12,Referral
C01039,2021-08-26,Sylhet,ST05,Walk-in
C01040,2020-08-03,Dhaka,ST14,Online
C01041,2021-02-24,Barishal,ST15,Online
C01042,2024-02-12,,ST11,Walk-in
C01043,2024-06-24,Rajshahi,ST01,Walk-in
C01044,2018-01-18,Chattogram,ST20,Walk-in
C01045,2021-01-08,Dhaka,ST17,Walk-in
C01046,2024-10-08,Dhaka,ST08,Walk-in
C01047,2022-03-29,Chattogram,ST10,Walk-in
C01048,2019-08-23,Dhaka,ST03,Referral
C01049,2022-09-30,Sylhet,ST19,Online
C01050,2019-02-28,Khulna,ST05,Online
C01051,2018-03-05,Dhaka,ST08,Walk-in
C01052,2023-01-21,Dhaka,ST09,Referral
C01053,2022-02-13,Rajshahi,ST06,Walk-in
C01054,2024-01-18,Dhaka,ST13,Walk-in
C01055,2020-10-03,Barishal,ST20,Online
C01056,2024-10-30,Chattogram,ST18,Social Media
C01057,2021-05-15,Dhaka,ST11,Social Media
C01058,2023-11-26,Dhaka,ST03,Referral
C01059,2018-10-20,Barishal,ST18,Online
C01060,2018-10-11,,ST06,Online
C01061,2024-04-04,Sylhet,ST19,Online
C01062,2024-09-01,Dhaka,ST08,Walk-in
C01063,2025-07-14,Dhaka,ST11,Walk-in
C01064,2020-08-05,Khulna,ST09,Social Media
C01065,2018-03-07,Dhaka,ST10,Social Media
C01066,2025-11-01,Dhaka,ST04,Walk-in
C01067,2022-10-23,Chattogram,ST12,Walk-in
C01068,2019-12-23,Khulna,ST09,Walk-in
C01069,2024-02-09,Dhaka,ST17,Walk-in
C01070,2025-03-24,Dhaka,ST10,Walk-in
C01071,2020-04-11,Barishal,ST20,Online
C01072,2024-02-26,Rajshahi,ST06,Walk-in
C01073,2024-04-18,Khulna,ST07,Walk-in
C01074,2022-01-04,Rajshahi,ST01,Walk-in
C01075,2023-01-21,Rajshahi,ST15,Referral
C01076,2020-02-26,Chattogram,ST02,Walk-in
C01077,2025-06-06,Dhaka,ST06,Walk-in
C01078,2025-11-10,Rajshahi,ST19,Online
C01079,2025-11-04,Rajshahi,ST13,Referral
C01080,2023-11-23,Barishal,ST12,Walk-in
C01081,2018-05-04,Sylhet,ST17,Online
C01082,2020-12-06,Dhaka,ST16,Walk-in
C01083,2021-07-23,Chattogram,ST18,Online
C01084,2025-09-03,Sylhet,ST14,Walk-in
C01085,2022-05-17,Chattogram,ST09,Social Media
C01086,2022-04-15,Rajshahi,ST03,Social Media
C01087,2019-03-05,Sylhet,ST08,Referral
C01088,2024-05-06,Dhaka,ST15,Social Media
C01089,2020-09-08,Sylhet,ST06,Walk-in
C01090,2018-09-26,Sylhet,ST14,Online
C01091,2025-11-23,Khulna,ST03,Walk-in
C01092,2019-07-10,Chattogram,ST02,Walk-in
C01093,2018-02-17,Sylhet,ST08,Online
C01094,2018-08-16,Chattogram,ST05,Online
C01095,2021-08-14,Chattogram,ST18,Online
C01096,2018-10-28,Dhaka,ST08,Referral
C01097,2024-09-26,Khulna,ST09,Online
C01098,2022-02-05,Khulna,ST09,Social Media
C01099,2020-08-03,,ST07,Referral
C01100,2018-01-10,Sylhet,ST19,Referral
C01101,2021-11-02,Dhaka,ST15,Walk-in
C01102,2019-03-18,Sylhet,ST04,Online
C01103,2025-10-26,,ST05,Online
C01104,2020-04-29,Rajshahi,ST02,Social Media
C01105,2021-10-18,Dhaka,ST06,Walk-in
C01106,2018-02-24,Rajshahi,ST14,Walk-in
C01107,2019-01-18,Dhaka,ST19,Walk-in
C01108,2019-08-29,Sylhet,ST10,Walk-in
C01109,2018-06-01,Sylhet,ST02,Referral
C01110,2023-10-21,Dhaka,ST01,Walk-in
C01111,2025-07-23,,ST09,Walk-in
C01112,2025-11-17,Khulna,ST06,Online
C01113,2020-02-16,Sylhet,ST12,Walk-in
C01114,2024-04-22,Dhaka,ST03,Walk-in
C01115,2022-01-11,Chattogram,ST05,Online
C01116,2018-05-14,Dhaka,ST12,Online
C01117,2018-09-22,Sylhet,ST06,Social Media
C01118,2022-05-19,Sylhet,ST08,Online
C01119,2021-05-22,Dhaka,ST05,Social Media
C01120,2018-01-25,Sylhet,ST02,Walk-in
C01121,2025-06-08,,ST07,Referral
C01122,2023-11-03,Rajshahi,ST07,Online
C01123,2022-01-07,Dhaka,ST18,Online
C01124,2025-11-22,Dhaka,ST18,Walk-in
C01125,2025-10-06,Chattogram,ST09,Walk-in
C01126,2025-10-14,Dhaka,ST06,Walk-in
C01127,2020-01-26,Chattogram,ST09,Referral
C01128,2025-01-16,Dhaka,ST13,Referral
C01129,2022-01-13,Dhaka,ST08,Walk-in
C01130,2023-10-22,Sylhet,ST16,Online
C01131,2024-11-14,Dhaka,ST20,Online
C01132,2019-04-22,Rajshahi,ST09,Online
C01133,2021-08-01,Dhaka,ST03,Walk-in
C01134,2019-01-12,,ST03,Referral
C01135,2020-03-27,Chattogram,ST18,Online
C01136,2021-04-22,Rajshahi,ST09,Online
C01137,2024-11-02,Rajshahi,ST07,Online
C01138,2024-11-23,Chattogram,ST13,Online
C01139,2021-02-12,Sylhet,ST20,Walk-in
C01140,2020-08-19,Dhaka,ST09,Social Media
C01141,2022-03-30,Sylhet,ST07,Walk-in
C01142,2025-04-16,Dhaka,ST18,Referral
C01143,2025-10-22,Chattogram,ST02,Referral
C01144,2019-10-25,Dhaka,ST17,Online
C01145,2019-06-29,Khulna,ST11,Online
C01146,2023-08-26,Chattogram,ST01,Walk-in
C01147,2020-05-30,Sylhet,ST05,Walk-in
C01148,2019-08-07,Chattogram,ST14,Online
C01149,2018-04-01,Dhaka,ST16,Walk-in
C01150,2021-03-23,Dhaka,ST04,Walk-in
C01151,2021-02-18,Khulna,ST14,Social Media
C01152,2022-07-03,Rajshahi,ST20,Walk-in
C01153,2019-08-08,Dhaka,ST14,Walk-in
C01154,2023-09-17,Rajshahi,ST15,Walk-in
C01155,2023-06-09,Chattogram,ST04,Online
C01156,2021-09-12,Dhaka,ST13,Walk-in
C01157,2019-06-14,Chattogram,ST15,Referral
C01158,2022-01-20,Dhaka,ST03,Online
C01159,2023-05-25,Dhaka,ST07,Walk-in
C01160,2020-12-24,Rajshahi,ST18,Walk-in
C01161,2020-02-09,Dhaka,ST20,Walk-in
C01162,2022-01-18,Khulna,ST04,Referral
C01163,2020-11-03,Sylhet,ST15,Walk-in
C01164,2021-03-15,Khulna,ST11,Walk-in
C01165,2020-10-15,Sylhet,ST12,Walk-in
C01166,2020-06-05,Khulna,ST11,Walk-in
C01167,2023-09-24,Chattogram,ST18,Online
C01168,2021-09-05,Chattogram,ST09,Walk-in
C01169,2021-09-24,Chattogram,ST12,Social Media
C01170,2023-03-23,Khulna,ST14,Walk-in
C01171,2020-11-20,Dhaka,ST12,Online
C01172,2018-10-23,Sylhet,ST18,Online
C01173,2024-10-25,Rajshahi,ST05,Walk-in
C01174,2018-06-12,Chattogram,ST19,Online
C01175,2022-07-29,Khulna,ST14,Referral
C01176,2020-02-16,Chattogram,ST20,Referral
C01177,2019-09-17,Dhaka,ST08,Social Media
C01178,2018-05-03,Sylhet,ST10,Online
C01179,2025-03-13,Chattogram,ST01,Walk-in
C01180,2021-06-07,Dhaka,ST19,Social Media
C01181,2020-09-27,Dhaka,ST17,Walk-in
C01182,2023-12-05,Dhaka,ST06,Online
C01183,2018-04-24,Rajshahi,ST02,Referral
C01184,2022-07-07,Khulna,ST14,Referral
C01185,2021-12-15,Chattogram,ST14,Social Media
C01186,2022-06-05,Dhaka,ST11,Walk-in
C01187,2018-12-28,Chattogram,ST04,Online
C01188,2025-08-13,Khulna,ST19,Walk-in
C01189,2019-11-28,Rajshahi,ST09,Referral
C01190,2023-06-05,Dhaka,ST15,Online
C01191,2023-12-22,Dhaka,ST18,Walk-in
C01192,2020-10-01,Khulna,ST11,Referral
C01193,2019-01-17,Khulna,ST02,Walk-in
C01194,2020-05-16,Dhaka,ST18,Online
C01195,2024-06-14,Khulna,ST14,Social Media
C01196,2025-03-31,Dhaka,ST18,Online
C01197,2025-06-28,,ST13,Online
C01198,2019-10-23,Rajshahi,ST19,Walk-in
C01199,2022-11-07,Chattogram,ST18,Walk-in
C01200,2019-03-18,Chattogram,ST05,Walk-in
C01201,2023-09-06,Khulna,ST04,Walk-in
C01202,2021-04-29,Khulna,ST04,Walk-in
C01203,2023-09-15,Dhaka,ST16,Online
C01204,2023-06-24,Sylhet,ST05,Online
C01205,2025-12-08,Rajshahi,ST10,Walk-in
C01206,2021-11-27,Sylhet,ST16,Online
C01207,2020-09-24,Barishal,ST09,Social Media
C01208,2022-03-19,Rajshahi,ST02,Walk-in
C01209,2019-04-21,Dhaka,ST08,Online
C01210,2018-11-23,Dhaka,ST02,Walk-in
C01211,2022-02-24,Khulna,ST08,Online
C01212,2024-08-07,Barishal,ST15,Online
C01213,2022-04-07,Dhaka,ST11,Walk-in
C01214,2024-04-02,Dhaka,ST14,Walk-in
C01215,2019-06-04,Rajshahi,ST03,Referral
C01216,2021-08-05,Dhaka,ST16,Walk-in
C01217,2022-11-26,Dhaka,ST09,Online
C01218,2020-10-12,Khulna,ST06,Online
C01219,2018-02-11,Khulna,ST14,Walk-in
C01220,2018-08-03,Khulna,ST03,Online
C01221,2025-06-01,Sylhet,ST10,Online
C01222,2022-11-02,Dhaka,ST09,Walk-in
C01223,2020-02-12,Khulna,ST04,Social Media
C01224,2020-01-26,Dhaka,ST20,Walk-in
C01225,2018-04-26,Dhaka,ST08,Online
C01226,2025-07-21,Khulna,ST01,Walk-in
C01227,2018-11-13,Rajshahi,ST09,Walk-in
C01228,2024-01-27,Khulna,ST20,Online
C01229,2019-12-03,Dhaka,ST14,Online
C01230,2020-09-07,Barishal,ST13,Walk-in
C01231,2020-03-10,Sylhet,ST19,Online
C01232,2024-08-04,Sylhet,ST02,Online
C01233,2018-04-06,Khulna,ST12,Walk-in
C01234,2020-10-25,Chattogram,ST07,Referral
C01235,2020-03-26,Rajshahi,ST14,Online
C01236,2020-03-08,Sylhet,ST18,Online
C01237,2019-07-18,Rajshahi,ST02,Referral
C01238,2025-04-18,Khulna,ST04,Online
C01239,2021-01-10,Rajshahi,ST20,Social Media
C01240,2021-05-06,Dhaka,ST10,Referral
C01241,2021-01-29,Dhaka,ST07,Walk-in
C01242,2025-11-02,,ST04,Walk-in
C01243,2020-09-16,Barishal,ST08,Social Media
C01244,2020-09-24,Barishal,ST01,Referral
C01245,2020-08-15,Dhaka,ST05,Walk-in
C01246,2020-08-12,Chattogram,ST04,Walk-in
C01247,2018-09-20,Rajshahi,ST02,Walk-in
C01248,2022-10-31,Rajshahi,ST20,Referral
C01249,2018-03-15,Dhaka,ST16,Social Media
C01250,2019-10-22,Sylhet,ST19,Referral
C01251,2019-08-14,Dhaka,ST05,Walk-in
C01252,2020-05-01,Chattogram,ST06,Referral
C01253,2024-01-19,,ST06,Walk-in
C01254,2022-10-17,Dhaka,ST12,Walk-in
C01255,2025-12-03,Dhaka,ST04,Walk-in
C01256,2020-10-22,Khulna,ST05,Online
C01257,2025-06-04,Rajshahi,ST20,Online
C01258,2018-05-12,Barishal,ST08,Walk-in
C01259,2022-01-12,Chattogram,ST16,Walk-in
C01260,2024-05-21,Chattogram,ST05,Referral
C01261,2022-04-02,Chattogram,ST19,Walk-in
C01262,2025-06-18,Sylhet,ST14,Walk-in
C01263,2020-07-07,Chattogram,ST18,Walk-in
C01264,2018-04-08,Rajshahi,ST11,Walk-in
C01265,2024-03-09,Khulna,ST19,Walk-in
C01266,2018-07-18,Khulna,ST08,Online
C01267,2024-02-12,Dhaka,ST10,Walk-in
C01268,2023-11-12,Chattogram,ST02,Walk-in
C01269,2024-10-01,Dhaka,ST04,Referral
C01270,2021-10-30,Dhaka,ST16,Walk-in
C01271,2025-02-27,Rajshahi,ST07,Referral
C01272,2019-05-11,Chattogram,ST03,Walk-in
C01273,2021-06-22,Rajshahi,ST06,Social Media
C01274,2018-12-22,Dhaka,ST08,Walk-in
C01275,2024-02-18,Barishal,ST15,Online
C01276,2023-09-17,Barishal,ST02,Online
C01277,2024-06-12,Chattogram,ST01,Online
C01278,2024-02-10,Khulna,ST15,Referral
C01279,2020-06-19,Dhaka,ST03,Walk-in
C01280,2018-07-18,Rajshahi,ST09,Walk-in
C01281,2025-06-06,Khulna,ST14,Referral
C01282,2021-12-10,Khulna,ST11,Referral
C01283,2018-10-03,Khulna,ST03,Walk-in
C01284,2025-05-31,Chattogram,ST15,Online
C01285,2025-12-13,Khulna,ST01,Referral
C01286,2021-07-24,Rajshahi,ST05,Referral
C01287,2024-02-27,Dhaka,ST03,Referral
C01288,2018-04-16,Dhaka,ST11,Referral
C01289,2018-09-30,Rajshahi,ST14,Walk-in
C01290,2020-03-18,Sylhet,ST13,Online
C01291,2023-04-01,Chattogram,ST03,Walk-in
C01292,2019-01-25,Khulna,ST07,Walk-in
C01293,2018-04-10,Sylhet,ST03,Referral
C01294,2023-05-07,Chattogram,ST07,Online
C01295,2024-02-27,Chattogram,ST05,Walk-in
C01296,2023-11-29,Sylhet,ST15,Online
C01297,2024-05-22,Rajshahi,ST16,Walk-in
C01298,2024-06-02,Sylhet,ST17,Walk-in
C01299,2022-10-26,Chattogram,ST05,Online
C01300,2022-02-25,Rajshahi,ST01,Online
C01301,2024-11-07,Rajshahi,ST01,Online
C01302,2020-10-13,Khulna,ST17,Walk-in
C01303,2018-10-13,Dhaka,ST19,Online
C01304,2024-01-05,Rajshahi,ST05,Walk-in
C01305,2020-03-16,Chattogram,ST18,Social Media
C01306,2025-10-29,Dhaka,ST11,Walk-in
C01307,2021-04-24,Rajshahi,ST04,Referral
C01308,2024-10-23,,ST07,Walk-in
C01309,2018-05-04,Chattogram,ST06,Walk-in
C01310,2023-04-09,Rajshahi,ST16,Walk-in
C01311,2021-08-01,Dhaka,ST04,Referral
C01312,2021-09-12,Dhaka,ST04,Social Media
C01313,2020-02-14,Chattogram,ST15,Online
C01314,2025-10-06,Chattogram,ST07,Walk-in
C01315,2021-02-20,Rajshahi,ST06,Walk-in
C01316,2024-10-19,Khulna,ST17,Online
C01317,2021-05-26,Rajshahi,ST19,Walk-in
C01318,2018-05-21,Dhaka,ST12,Social Media
C01319,2025-01-11,Chattogram,ST17,Walk-in
C01320,2019-06-25,Dhaka,ST17,Referral
C01321,2020-02-29,Rajshahi,ST12,Referral
C01322,2024-11-19,Dhaka,ST17,Walk-in
C01323,2025-02-22,Chattogram,ST01,Walk-in
C01324,2025-04-30,Rajshahi,ST01,Referral
C01325,2021-05-28,Rajshahi,ST18,Walk-in
C01326,2024-01-20,Dhaka,ST03,Online
C01327,2020-08-15,Dhaka,ST15,Referral
C01328,2023-12-02,Sylhet,ST09,Walk-in
C01329,2022-01-07,Chattogram,ST16,Referral
C01330,2018-06-01,Dhaka,ST14,Walk-in
C01331,2021-05-04,Khulna,ST02,Online
C01332,2021-09-27,Chattogram,ST07,Walk-in
C01333,2020-01-22,Chattogram,ST15,Online
C01334,2020-12-29,Dhaka,ST19,Walk-in
C01335,2022-01-07,Chattogram,ST17,Walk-in
C01336,2018-05-26,Dhaka,ST18,Walk-in
C01337,2019-03-20,Dhaka,ST20,Walk-in
C01338,2024-02-18,,ST18,Online
C01339,2020-10-24,Chattogram,ST12,Walk-in
C01340,2022-11-12,Khulna,ST07,Walk-in
C01341,2022-07-11,Barishal,ST11,Walk-in
C01342,2022-05-29,Dhaka,ST16,Walk-in
C01343,2021-04-22,Dhaka,ST09,Walk-in
C01344,2021-11-12,Rajshahi,ST17,Walk-in
C01345,2024-08-02,Barishal,ST15,Online
C01346,2025-09-18,Khulna,ST05,Online
C01347,2020-01-20,Dhaka,ST19,Online
C01348,2023-05-09,Dhaka,ST17,Walk-in
C01349,2025-10-02,Dhaka,ST12,Referral
C01350,2018-01-23,Khulna,ST04,Online
C01351,2024-04-10,Sylhet,ST05,Online
C01352,2021-12-21,Chattogram,ST17,Walk-in
C01353,2025-09-26,Sylhet,ST01,Walk-in
C01354,2022-08-16,Dhaka,ST10,Walk-in
C01355,2024-09-13,Sylhet,ST13,Walk-in
C01356,2019-04-30,Dhaka,ST05,Online
C01357,2019-02-19,Sylhet,ST18,Walk-in
C01358,2025-05-29,Rajshahi,ST11,Walk-in
C01359,2022-03-18,Rajshahi,ST02,Walk-in
C01360,2022-06-19,Dhaka,ST07,Walk-in
C01361,2019-05-12,Khulna,ST08,Walk-in
C01362,2019-10-25,Rajshahi,ST05,Walk-in
C01363,2024-07-17,Dhaka,ST19,Online
C01364,2020-06-04,Dhaka,ST08,Walk-in
C01365,2022-09-02,Sylhet,ST11,Online
C01366,2020-07-13,Dhaka,ST11,Social Media
C01367,2020-02-09,Dhaka,ST05,Referral
C01368,2019-04-30,Dhaka,ST12,Online
C01369,2025-06-07,Dhaka,ST08,Walk-in
C01370,2025-07-07,Chattogram,ST01,Online
C01371,2018-12-03,Sylhet,ST09,Social Media
C01372,2020-10-28,Dhaka,ST12,Walk-in
C01373,2022-07-05,Rajshahi,ST03,Walk-in
C01374,2021-01-24,Dhaka,ST16,Referral
C01375,2023-10-07,Dhaka,ST14,Walk-in
C01376,2020-01-30,Dhaka,ST07,Referral
C01377,2018-06-21,Rajshahi,ST12,Walk-in
C01378,2020-09-10,Barishal,ST07,Walk-in
C01379,2022-10-12,Chattogram,ST13,Referral
C01380,2019-06-12,Dhaka,ST04,Online
C01381,2024-07-10,Dhaka,ST13,Online
C01382,2018-02-05,Dhaka,ST02,Referral
C01383,2018-07-17,Khulna,ST01,Referral
C01384,2022-01-25,Dhaka,ST06,Walk-in
C01385,2022-02-04,Barishal,ST04,Social Media
C01386,2020-05-11,Sylhet,ST10,Walk-in
C01387,2020-01-25,Chattogram,ST04,Walk-in
C01388,2018-07-23,Khulna,ST05,Referral
C01389,2023-04-20,Dhaka,ST02,Walk-in
C01390,2021-01-11,Rajshahi,ST18,Referral
C01391,2018-12-13,Dhaka,ST15,Walk-in
C01392,2021-03-13,Khulna,ST05,Walk-in
C01393,2025-06-29,Chattogram,ST03,Walk-in
C01394,2020-02-02,Dhaka,ST18,Online
C01395,2025-02-25,Khulna,ST14,Referral
C01396,2020-01-26,Dhaka,ST18,Walk-in
C01397,2019-06-28,Dhaka,ST04,Walk-in
C01398,2020-02-01,Rajshahi,ST08,Walk-in
C01399,2020-08-01,Chattogram,ST03,Walk-in
C01400,2018-12-19,Khulna,ST09,Online
C01401,2022-09-12,Sylhet,ST04,Online
C01402,2020-08-31,Sylhet,ST01,Walk-in
C01403,2023-09-28,Dhaka,ST11,Walk-in
C01404,2021-12-04,Dhaka,ST20,Online
C01405,2021-07-16,Barishal,ST13,Walk-in
C01406,2021-10-07,Dhaka,ST16,Walk-in
C01407,2019-04-02,Chattogram,ST17,Online
C01408,2023-09-13,,ST20,Walk-in
C01409,2018-11-01,,ST03,Walk-in
C01410,2023-10-08,Sylhet,ST06,Walk-in
C01411,2025-12-29,Rajshahi,ST13,Referral
C01412,2024-02-09,Rajshahi,ST17,Walk-in
C01413,2021-08-22,Khulna,ST16,Referral
C01414,2020-07-07,Dhaka,ST15,Walk-in
C01415,2024-12-22,Chattogram,ST07,Walk-in
C01416,2020-01-21,Dhaka,ST08,Referral
C01417,2021-11-09,Rajshahi,ST02,Walk-in
C01418,2024-02-29,Dhaka,ST07,Walk-in
C01419,2025-05-17,Sylhet,ST04,Walk-in
C01420,2025-05-13,Dhaka,ST19,Online
C01421,2018-09-14,Khulna,ST02,Walk-in
C01422,2025-03-07,Khulna,ST08,Referral
C01423,2018-11-29,Khulna,ST18,Walk-in
C01424,2022-09-03,Dhaka,ST20,Walk-in
C01425,2025-06-07,Barishal,ST08,Walk-in
C01426,2023-03-28,Dhaka,ST10,Walk-in
C01427,2025-07-29,Dhaka,ST11,Referral
C01428,2020-10-02,Dhaka,ST17,Walk-in
C01429,2020-07-07,Dhaka,ST16,Social Media
C01430,2020-08-10,Sylhet,ST11,Walk-in
C01431,2020-11-03,Dhaka,ST08,Online
C01432,2023-06-17,,ST08,Walk-in
C01433,2021-08-14,Sylhet,ST13,Referral
C01434,2023-11-24,Khulna,ST17,Walk-in
C01435,2021-04-30,Rajshahi,ST02,Online
C01436,2020-06-17,Sylhet,ST16,Social Media
C01437,2019-07-09,Dhaka,ST10,Online
C01438,2022-05-29,Khulna,ST03,Walk-in
C01439,2025-03-08,Dhaka,ST02,Referral
C01440,2024-11-13,Dhaka,ST07,Walk-in
C01441,2020-01-10,Dhaka,ST05,Walk-in
C01442,2021-10-26,Sylhet,ST03,Walk-in
C01443,2023-08-22,Chattogram,ST06,Referral
C01444,2022-11-24,Sylhet,ST17,Walk-in
C01445,2018-07-16,Dhaka,ST15,Referral
C01446,2022-09-22,Chattogram,ST05,Online
C01447,2018-04-24,Chattogram,ST14,Walk-in
C01448,2018-12-07,Dhaka,ST10,Walk-in
C01449,2023-03-24,Chattogram,ST15,Online
C01450,2018-10-27,Sylhet,ST05,Walk-in
C01451,2020-09-16,Chattogram,ST02,Walk-in
C01452,2022-09-15,Dhaka,ST07,Walk-in
C01453,2023-03-29,Sylhet,ST20,Referral
C01454,2021-07-25,,ST12,Walk-in
C01455,2018-10-02,Dhaka,ST02,Walk-in
C01456,2024-05-22,Dhaka,ST20,Walk-in
C01457,2025-08-05,Chattogram,ST17,Walk-in
C01458,2025-02-08,,ST11,Social Media
C01459,2023-12-26,Rajshahi,ST15,Online
C01460,2021-03-20,Dhaka,ST04,Online
C01461,2025-01-02,Rajshahi,ST12,Referral
C01462,2021-11-26,Dhaka,ST19,Walk-in
C01463,2019-02-03,Sylhet,ST09,Referral
C01464,2024-10-19,Rajshahi,ST01,Social Media
C01465,2020-07-23,Chattogram,ST16,Online
C01466,2025-07-04,Dhaka,ST15,Online
C01467,2020-12-11,Chattogram,ST15,Walk-in
C01468,2024-12-13,Barishal,ST13,Referral
C01469,2022-04-18,Barishal,ST03,Walk-in
C01470,2021-09-26,Dhaka,ST03,Online
C01471,2020-05-16,Rajshahi,ST16,Walk-in
C01472,2024-09-06,Dhaka,ST18,Online
C01473,2018-06-27,Dhaka,ST02,Referral
C01474,2021-10-01,Sylhet,ST12,Online
C01475,2020-12-13,Chattogram,ST11,Walk-in
C01476,2022-05-06,Chattogram,ST08,Online
C01477,2020-01-14,,ST13,Social Media
C01478,2023-04-25,Dhaka,ST19,Online
C01479,2021-01-31,Sylhet,ST17,Referral
C01480,2019-07-04,Chattogram,ST04,Referral
C01481,2019-07-30,Dhaka,ST10,Referral
C01482,2023-07-27,Chattogram,ST19,Walk-in
C01483,2020-02-04,Barishal,ST05,Walk-in
C01484,2020-06-16,Chattogram,ST18,Referral
C01485,2023-01-05,,ST10,Social Media
C01486,2020-08-20,Rajshahi,ST11,Walk-in
C01487,2021-02-07,Barishal,ST06,Walk-in
C01488,2019-12-15,Khulna,ST19,Walk-in
C01489,2020-10-05,Sylhet,ST11,Referral
C01490,2023-07-16,Chattogram,ST12,Referral
C01491,2022-04-09,Sylhet,ST10,Online
C01492,2025-12-22,Khulna,ST02,Walk-in
C01493,2024-03-03,Khulna,ST16,Walk-in
C01494,2018-02-19,Khulna,ST07,Referral
C01495,2021-01-11,Chattogram,ST05,Walk-in
C01496,2020-04-26,Dhaka,ST16,Walk-in
C01497,2022-09-12,,ST04,Walk-in
C01498,2020-02-15,Dhaka,ST14,Referral
C01499,2025-09-22,Dhaka,ST10,Walk-in
C01500,2020-05-24,Chattogram,ST16,Walk-in
C01501,2022-03-05,Sylhet,ST02,Walk-in
C01502,2018-12-25,Khulna,ST16,Social Media
C01503,2025-04-10,Rajshahi,ST05,Walk-in
C01504,2025-04-16,Khulna,ST18,Walk-in
C01505,2024-05-06,Rajshahi,ST08,Walk-in
C01506,2020-10-23,Rajshahi,ST01,Walk-in
C01507,2018-06-21,Dhaka,ST10,Referral
C01508,2023-09-08,Sylhet,ST02,Referral
C01509,2021-06-06,Dhaka,ST06,Walk-in
C01510,2025-12-01,Dhaka,ST15,Referral
C01511,2023-08-02,Dhaka,ST12,Walk-in
C01512,2022-04-22,Khulna,ST15,Referral
C01513,2025-11-21,Rajshahi,ST18,Walk-in
C01514,2024-05-26,,ST10,Walk-in
C01515,2021-08-31,Barishal,ST11,Referral
C01516,2018-02-25,Khulna,ST02,Social Media
C01517,2018-09-28,Dhaka,ST06,Referral
C01518,2021-07-19,Khulna,ST15,Online
C01519,2022-06-30,,ST02,Referral
C01520,2018-03-30,Khulna,ST08,Online
C01521,2019-01-05,Dhaka,ST03,Walk-in
C01522,2023-08-19,Dhaka,ST18,Walk-in
C01523,2024-01-04,Barishal,ST12,Online
C01524,2018-03-29,Dhaka,ST13,Online
C01525,2022-01-22,Chattogram,ST14,Referral
C01526,2018-08-25,Chattogram,ST05,Walk-in
C01527,2023-10-14,Dhaka,ST01,Walk-in
C01528,2024-09-01,Dhaka,ST08,Walk-in
C01529,2024-12-13,Barishal,ST04,Referral
C01530,2022-10-13,Khulna,ST07,Walk-in
C01531,2023-01-11,Khulna,ST07,Referral
C01532,2025-05-29,Dhaka,ST16,Walk-in
C01533,2022-11-24,Dhaka,ST07,Walk-in
C01534,2021-07-27,Chattogram,ST04,Referral
C01535,2024-01-13,,ST20,Walk-in
C01536,2022-09-22,Dhaka,ST01,Referral
C01537,2024-09-25,Rajshahi,ST05,Walk-in
C01538,2022-03-13,,ST07,Online
C01539,2024-12-12,Chattogram,ST02,Online
C01540,2018-05-12,Chattogram,ST18,Referral
C01541,2018-04-17,Chattogram,ST08,Walk-in
C01542,2018-10-17,,ST16,Walk-in
C01543,2022-06-13,Dhaka,ST03,Online
C01544,2023-09-02,Chattogram,ST11,Social Media
C01545,2019-09-24,Chattogram,ST03,Referral
C01546,2019-03-31,Chattogram,ST05,Referral
C01547,2024-11-17,Khulna,ST09,Online
C01548,2024-01-01,Dhaka,ST18,Online
C01549,2023-03-09,Dhaka,ST07,Referral
C01550,2021-11-27,Dhaka,ST16,Referral
C01551,2021-05-12,Dhaka,ST02,Referral
C01552,2018-03-01,Sylhet,ST06,Referral
C01553,2019-07-04,Khulna,ST13,Referral
C01554,2025-03-04,Khulna,ST10,Walk-in
C01555,2020-09-16,Sylhet,ST11,Walk-in
C01556,2023-08-20,Chattogram,ST14,Social Media
C01557,2023-08-18,Dhaka,ST02,Online
C01558,2020-06-22,,ST14,Walk-in
C01559,2019-08-20,Dhaka,ST18,Online
C01560,2023-07-13,Khulna,ST16,Online
C01561,2018-10-01,,ST06,Referral
C01562,2021-12-15,,ST08,Referral
C01563,2025-02-06,Dhaka,ST20,Walk-in
C01564,2023-09-09,Dhaka,ST16,Walk-in
C01565,2024-02-10,,ST19,Walk-in
C01566,2018-09-01,Dhaka,ST19,Referral
C01567,2019-08-07,Dhaka,ST09,Walk-in
C01568,2020-03-14,Dhaka,ST03,Online
C01569,2020-05-03,Khulna,ST05,Online
C01570,2019-07-21,Chattogram,ST06,Online
C01571,2025-10-09,Sylhet,ST17,Online
C01572,2019-04-27,Chattogram,ST06,Online
C01573,2023-08-30,Dhaka,ST08,Online
C01574,2022-09-10,Khulna,ST18,Walk-in
C01575,2022-11-18,Dhaka,ST04,Walk-in
C01576,2019-09-19,Dhaka,ST14,Online
C01577,2020-06-17,Sylhet,ST12,Walk-in
C01578,2022-11-06,Dhaka,ST20,Referral
C01579,2020-05-23,Dhaka,ST10,Walk-in
C01580,2023-07-20,Khulna,ST11,Referral
C01581,2018-04-26,Chattogram,ST18,Walk-in
C01582,2018-08-01,Dhaka,ST20,Referral
C01583,2023-10-29,Dhaka,ST15,Walk-in
C01584,2022-12-06,Rajshahi,ST14,Online
C01585,2018-05-07,Dhaka,ST18,Walk-in
C01586,2025-03-10,Dhaka,ST20,Online
C01587,2018-01-15,Sylhet,ST15,Walk-in
C01588,2025-08-22,Sylhet,ST06,Referral
C01589,2023-11-01,Barishal,ST13,Online
C01590,2025-11-25,,ST05,Social Media
C01591,2025-08-02,Dhaka,ST11,Online
C01592,2020-07-03,Chattogram,ST09,Online
C01593,2024-01-18,Sylhet,ST20,Referral
C01594,2019-09-08,Dhaka,ST12,Walk-in
C01595,2021-10-09,Sylhet,ST20,Online
C01596,2019-12-03,Dhaka,ST17,Walk-in
C01597,2021-11-20,Khulna,ST17,Online
C01598,2024-12-22,Khulna,ST04,Walk-in
C01599,2021-06-27,Chattogram,ST16,Walk-in
C01600,2018-09-27,Barishal,ST06,Online
C01601,2020-08-05,Barishal,ST12,Walk-in
C01602,2024-04-15,Dhaka,ST10,Walk-in
C01603,2022-03-04,Chattogram,ST06,Walk-in
C01604,2022-06-24,Sylhet,ST20,Referral
C01605,2021-06-12,Dhaka,ST18,Walk-in
C01606,2020-05-04,Chattogram,ST12,Walk-in
C01607,2022-10-13,Dhaka,ST01,Social Media
C01608,2023-01-23,Barishal,ST04,Social Media
C01609,2025-03-07,Chattogram,ST05,Walk-in
C01610,2022-12-09,Rajshahi,ST20,Online
C01611,2025-12-15,Chattogram,ST09,Walk-in
C01612,2024-08-10,Dhaka,ST01,Social Media
C01613,2018-08-18,Khulna,ST12,Walk-in
C01614,2021-02-19,Dhaka,ST20,Walk-in
C01615,2021-01-28,Dhaka,ST12,Walk-in
C01616,2018-01-09,Chattogram,ST09,Online
C01617,2019-06-12,Rajshahi,ST04,Walk-in
C01618,2024-02-04,Dhaka,ST18,Referral
C01619,2020-10-25,Dhaka,ST03,Walk-in
C01620,2019-03-08,Dhaka,ST19,Online
C01621,2020-04-19,,ST05,Referral
C01622,2020-03-13,Dhaka,ST03,Walk-in
C01623,2019-05-25,Chattogram,ST07,Walk-in
C01624,2018-10-23,Dhaka,ST01,Walk-in
C01625,2024-02-10,Dhaka,ST01,Referral
C01626,2024-08-04,Sylhet,ST04,Walk-in
C01627,2021-12-20,Rajshahi,ST14,Referral
C01628,2022-12-03,Dhaka,ST17,Online
C01629,2025-05-08,Dhaka,ST05,Online
C01630,2024-09-26,Dhaka,ST13,Online
C01631,2018-04-06,Barishal,ST08,Walk-in
C01632,2025-08-14,,ST09,Walk-in
C01633,2018-07-15,Dhaka,ST07,Referral
C01634,2018-03-19,Chattogram,ST18,Walk-in
C01635,2021-03-23,Dhaka,ST11,Online
C01636,2023-12-18,Dhaka,ST11,Social Media
C01637,2018-08-23,Dhaka,ST18,Walk-in
C01638,2020-05-05,Sylhet,ST14,Walk-in
C01639,2020-02-07,Sylhet,ST03,Walk-in
C01640,2021-03-06,Sylhet,ST04,Walk-in
C01641,2025-11-19,Rajshahi,ST07,Social Media
C01642,2020-08-25,Dhaka,ST02,Social Media
C01643,2019-09-03,Khulna,ST14,Walk-in
C01644,2018-12-24,Rajshahi,ST10,Social Media
C01645,2019-08-02,Khulna,ST01,Walk-in
C01646,2019-01-24,Rajshahi,ST09,Social Media
C01647,2022-08-03,,ST17,Referral
C01648,2021-05-12,Dhaka,ST19,Walk-in
C01649,2021-12-25,Chattogram,ST20,Online
C01650,2024-08-26,Dhaka,ST19,Referral
C01651,2022-08-22,Chattogram,ST13,Walk-in
C01652,2019-03-30,Dhaka,ST19,Walk-in
C01653,2021-01-05,Dhaka,ST20,Online
C01654,2020-07-01,Barishal,ST13,Walk-in
C01655,2024-08-11,,ST09,Walk-in
C01656,2020-06-15,Sylhet,ST20,Walk-in
C01657,2019-02-09,Dhaka,ST09,Online
C01658,2023-11-20,Sylhet,ST04,Walk-in
C01659,2021-06-04,Khulna,ST03,Online
C01660,2018-10-07,Sylhet,ST12,Walk-in
C01661,2023-07-08,Sylhet,ST01,Walk-in
C01662,2019-09-07,Chattogram,ST03,Online
C01663,2024-12-10,Dhaka,ST05,Walk-in
C01664,2024-08-27,Rajshahi,ST11,Online
C01665,2020-12-15,Barishal,ST10,Walk-in
C01666,2022-06-11,,ST11,Online
C01667,2022-07-16,Chattogram,ST11,Walk-in
C01668,2023-03-24,Chattogram,ST20,Referral
C01669,2018-07-21,Chattogram,ST05,Walk-in
C01670,2020-08-06,Barishal,ST10,Referral
C01671,2019-05-13,Rajshahi,ST13,Walk-in
C01672,2023-07-30,Chattogram,ST06,Walk-in
C01673,2018-07-21,,ST04,Online
C01674,2022-02-18,Chattogram,ST01,Walk-in
C01675,2023-10-27,Dhaka,ST07,Walk-in
C01676,2025-08-01,Chattogram,ST06,Referral
C01677,2020-04-21,Khulna,ST04,Referral
C01678,2018-01-24,Sylhet,ST06,Online
C01679,2023-10-15,Dhaka,ST14,Social Media
C01680,2018-01-05,Rajshahi,ST17,Walk-in
C01681,2018-07-13,Rajshahi,ST11,Walk-in
C01682,2025-12-02,Dhaka,ST02,Referral
C01683,2024-11-23,Sylhet,ST15,Walk-in
C01684,2023-08-29,Sylhet,ST04,Walk-in
C01685,2024-09-05,Khulna,ST02,Walk-in
C01686,2018-08-09,Dhaka,ST12,Walk-in
C01687,2018-09-17,Dhaka,ST09,Walk-in
C01688,2020-05-28,Chattogram,ST07,Walk-in
C01689,2018-03-11,Dhaka,ST20,Online
C01690,2025-02-06,Chattogram,ST02,Referral
C01691,2018-06-14,Rajshahi,ST02,Social Media
C01692,2022-05-08,Dhaka,ST12,Walk-in
C01693,2024-10-28,Chattogram,ST09,Walk-in
C01694,2023-11-17,,ST17,Online
C01695,2019-11-17,Chattogram,ST01,Walk-in
C01696,2021-10-05,Chattogram,ST09,Walk-in
C01697,2022-05-20,Sylhet,ST03,Online
C01698,2024-02-21,Dhaka,ST01,Referral
C01699,2021-05-29,Dhaka,ST10,Walk-in
C01700,2020-04-12,Rajshahi,ST15,Online
C01701,2024-05-11,Chattogram,ST04,Online
C01702,2025-02-01,Dhaka,ST17,Referral
C01703,2021-11-28,Dhaka,ST11,Walk-in
C01704,2018-03-23,Khulna,ST10,Referral
C01705,2022-01-01,Dhaka,ST19,Referral
C01706,2025-02-09,Rajshahi,ST07,Walk-in
C01707,2025-11-28,Chattogram,ST05,Online
C01708,2021-03-17,Sylhet,ST16,Online
C01709,2019-03-15,Dhaka,ST03,Walk-in
C01710,2022-07-29,Dhaka,ST18,Walk-in
C01711,2024-08-22,Chattogram,ST17,Walk-in
C01712,2025-07-22,Rajshahi,ST20,Referral
C01713,2018-06-01,Dhaka,ST10,Walk-in
C01714,2020-04-28,Chattogram,ST13,Online
C01715,2021-10-26,Chattogram,ST18,Walk-in
C01716,2018-10-14,Dhaka,ST03,Online
C01717,2025-02-01,Sylhet,ST07,Online
C01718,2018-11-24,Dhaka,ST10,Online
C01719,2023-04-27,Chattogram,ST13,Online
C01720,2025-05-06,Dhaka,ST14,Walk-in
C01721,2023-06-24,Chattogram,ST19,Walk-in
C01722,2024-02-07,Dhaka,ST10,Online
C01723,2020-02-08,Chattogram,ST04,Walk-in
C01724,2024-08-13,Chattogram,ST04,Referral
C01725,2021-05-07,,ST17,Online
C01726,2018-06-29,Chattogram,ST10,Referral
C01727,2020-12-06,Khulna,ST13,Walk-in
C01728,2020-10-18,Dhaka,ST12,Online
C01729,2022-03-03,Chattogram,ST17,Walk-in
C01730,2020-02-13,Dhaka,ST05,Social Media
C01731,2021-09-11,Chattogram,ST04,Online
C01732,2021-06-03,Sylhet,ST15,Online
C01733,2020-08-12,,ST09,Online
C01734,2023-07-26,Sylhet,ST17,Walk-in
C01735,2020-06-11,Sylhet,ST03,Online
C01736,2024-02-15,Dhaka,ST06,Referral
C01737,2020-01-03,Dhaka,ST20,Walk-in
C01738,2024-11-30,,ST17,Social Media
C01739,2020-12-01,Dhaka,ST02,Referral
C01740,2018-04-29,Dhaka,ST17,Social Media
C01741,2019-03-14,Barishal,ST02,Referral
C01742,2024-06-12,Barishal,ST03,Walk-in
C01743,2024-12-21,Sylhet,ST18,Online
C01744,2019-09-11,Chattogram,ST03,Walk-in
C01745,2022-10-25,Khulna,ST07,Referral
C01746,2022-08-05,Dhaka,ST03,Walk-in
C01747,2019-01-26,Chattogram,ST12,Referral
C01748,2021-08-12,Chattogram,ST02,Walk-in
C01749,2023-07-20,Khulna,ST06,Walk-in
C01750,2025-09-25,Khulna,ST07,Walk-in
C01751,2024-10-11,Sylhet,ST13,Online
C01752,2018-10-13,Dhaka,ST10,Walk-in
C01753,2019-11-25,Chattogram,ST04,Walk-in
C01754,2021-06-29,Dhaka,ST10,Walk-in
C01755,2019-03-16,Khulna,ST10,Walk-in
C01756,2022-07-25,Dhaka,ST08,Social Media
C01757,2018-01-26,Dhaka,ST11,Walk-in
C01758,2018-11-28,Rajshahi,ST07,Walk-in
C01759,2018-05-18,,ST07,Walk-in
C01760,2020-05-12,Khulna,ST16,Walk-in
C01761,2024-02-04,Dhaka,ST06,Walk-in
C01762,2019-06-02,Khulna,ST07,Walk-in
C01763,2025-11-22,Dhaka,ST03,Walk-in
C01764,2020-02-27,Dhaka,ST14,Walk-in
C01765,2018-05-12,Chattogram,ST15,Walk-in
C01766,2020-09-06,Dhaka,ST14,Referral
C01767,2023-12-25,,ST04,Walk-in
C01768,2018-11-08,Dhaka,ST10,Online
C01769,2018-07-29,Dhaka,ST06,Online
C01770,2024-10-16,Rajshahi,ST16,Referral
C01771,2022-09-26,Dhaka,ST07,Walk-in
C01772,2020-09-29,Sylhet,ST09,Referral
C01773,2024-01-17,Rajshahi,ST10,Referral
C01774,2024-10-01,Dhaka,ST16,Social Media
C01775,2020-11-14,Rajshahi,ST15,Referral
C01776,2022-06-27,Dhaka,ST17,Walk-in
C01777,2018-02-01,Chattogram,ST09,Social Media
C01778,2020-06-12,Dhaka,ST17,Referral
C01779,2022-10-04,Khulna,ST18,Walk-in
C01780,2019-07-30,Sylhet,ST11,Walk-in
C01781,2025-12-04,Chattogram,ST14,Social Media
C01782,2025-10-06,Barishal,ST19,Walk-in
C01783,2020-01-23,Dhaka,ST17,Referral
C01784,2021-03-03,,ST06,Walk-in
C01785,2019-07-08,Rajshahi,ST15,Online
C01786,2022-01-11,,ST09,Walk-in
C01787,2018-12-28,Khulna,ST03,Online
C01788,2021-02-15,Barishal,ST08,Online
C01789,2022-06-10,Dhaka,ST20,Social Media
C01790,2022-11-22,,ST20,Walk-in
C01791,2022-10-08,Khulna,ST16,Walk-in
C01792,2019-10-09,Sylhet,ST20,Walk-in
C01793,2024-05-02,Dhaka,ST12,Walk-in
C01794,2023-07-13,Barishal,ST16,Social Media
C01795,2024-01-08,,ST04,Walk-in
C01796,2021-09-28,Chattogram,ST06,Walk-in
C01797,2025-02-19,Chattogram,ST04,Referral
C01798,2021-02-12,Dhaka,ST19,Walk-in
C01799,2024-06-10,Rajshahi,ST13,Walk-in
C01800,2019-08-18,Dhaka,ST19,Online
C01801,2019-12-24,Rajshahi,ST09,Walk-in
C01802,2022-03-19,Khulna,ST09,Referral
C01803,2022-06-12,Dhaka,ST14,Online
C01804,2023-12-19,Rajshahi,ST12,Walk-in
C01805,2020-05-18,,ST08,Online
C01806,2024-12-23,Khulna,ST07,Referral
C01807,2020-08-20,Barishal,ST11,Walk-in
C01808,2022-04-09,Dhaka,ST02,Online
C01809,2025-06-14,Rajshahi,ST04,Walk-in
C01810,2022-04-25,Chattogram,ST01,Online
C01811,2023-06-15,Chattogram,ST04,Online
C01812,2025-04-07,Rajshahi,ST04,Walk-in
C01813,2025-10-16,Chattogram,ST02,Walk-in
C01814,2021-12-29,Sylhet,ST02,Walk-in
C01815,2021-05-02,Dhaka,ST17,Online
C01816,2019-07-30,Chattogram,ST04,Online
C01817,2022-04-19,Khulna,ST12,Walk-in
C01818,2025-05-05,,ST02,Walk-in
C01819,2021-11-23,Sylhet,ST19,Social Media
C01820,2020-10-14,Dhaka,ST05,Walk-in
C01821,2018-11-10,Khulna,ST15,Walk-in
C01822,2021-02-12,Sylhet,ST13,Walk-in
C01823,2019-11-23,Chattogram,ST16,Online
C01824,2025-10-23,Dhaka,ST13,Walk-in
C01825,2022-03-21,Chattogram,ST11,Referral
C01826,2019-02-05,Barishal,ST16,Online
C01827,2018-07-16,Chattogram,ST17,Walk-in
C01828,2024-10-20,Chattogram,ST08,Online
C01829,2025-06-12,Rajshahi,ST19,Walk-in
C01830,2024-02-06,Chattogram,ST20,Walk-in
C01831,2018-12-28,Chattogram,ST15,Online
C01832,2018-10-14,Dhaka,ST19,Walk-in
C01833,2019-08-02,Dhaka,ST03,Referral
C01834,2024-01-03,Rajshahi,ST11,Online
C01835,2024-02-13,Khulna,ST14,Walk-in
C01836,2024-09-12,Khulna,ST19,Social Media
C01837,2018-10-11,Khulna,ST03,Online
C01838,2019-03-24,,ST17,Walk-in
C01839,2025-03-13,Dhaka,ST02,Online
C01840,2025-06-04,Sylhet,ST08,Social Media
C01841,2023-10-21,,ST14,Walk-in
C01842,2018-11-06,Rajshahi,ST06,Walk-in
C01843,2018-07-20,Chattogram,ST17,Walk-in
C01844,2018-06-12,Rajshahi,ST19,Walk-in
C01845,2023-07-14,Rajshahi,ST04,Walk-in
C01846,2024-10-06,,ST06,Online
C01847,2023-01-19,Rajshahi,ST02,Referral
C01848,2020-02-05,Chattogram,ST15,Online
C01849,2024-01-21,Dhaka,ST18,Walk-in
C01850,2018-06-22,Chattogram,ST13,Walk-in
C01851,2024-08-15,Dhaka,ST03,Walk-in
C01852,2025-02-17,,ST04,Walk-in
C01853,2023-09-29,Chattogram,ST01,Online
C01854,2025-01-11,Chattogram,ST10,Walk-in
C01855,2022-09-08,Dhaka,ST15,Referral
C01856,2021-09-29,Sylhet,ST04,Walk-in
C01857,2020-07-30,,ST17,Online
C01858,2025-05-15,Dhaka,ST06,Referral
C01859,2023-07-30,,ST11,Online
C01860,2019-07-11,Chattogram,ST14,Referral
C01861,2025-08-26,Chattogram,ST11,Referral
C01862,2018-06-22,Dhaka,ST10,Online
C01863,2022-09-12,,ST07,Walk-in
C01864,2019-07-11,Rajshahi,ST09,Walk-in
C01865,2023-04-24,Khulna,ST05,Referral
C01866,2021-04-19,Dhaka,ST06,Walk-in
C01867,2021-06-30,Barishal,ST16,Social Media
C01868,2023-05-15,Rajshahi,ST18,Walk-in
C01869,2024-01-17,Dhaka,ST17,Online
C01870,2021-01-14,Dhaka,ST07,Walk-in
C01871,2025-12-23,Dhaka,ST07,Social Media
C01872,2021-12-26,Khulna,ST02,Walk-in
C01873,2019-04-14,Dhaka,ST06,Walk-in
C01874,2018-01-19,Chattogram,ST12,Referral
C01875,2019-08-15,Rajshahi,ST06,Walk-in
C01876,2023-07-11,Khulna,ST15,Walk-in
C01877,2022-04-25,Sylhet,ST02,Referral
C01878,2020-09-13,Rajshahi,ST09,Referral
C01879,2021-11-06,Dhaka,ST06,Walk-in
C01880,2024-09-13,Khulna,ST10,Online
C01881,2022-07-27,Dhaka,ST01,Walk-in
C01882,2018-06-19,Dhaka,ST09,Walk-in
C01883,2018-05-24,Barishal,ST16,Online
C01884,2021-11-08,Dhaka,ST18,Walk-in
C01885,2021-03-26,Dhaka,ST06,Walk-in
C01886,2024-10-19,Sylhet,ST09,Walk-in
C01887,2022-08-30,Dhaka,ST14,Referral
C01888,2024-01-20,Dhaka,ST10,Online
C01889,2022-09-05,,ST11,Walk-in
C01890,2020-10-05,Rajshahi,ST07,Social Media
C01891,2023-04-04,Rajshahi,ST17,Referral
C01892,2022-12-20,Dhaka,ST13,Walk-in
C01893,2023-10-05,,ST20,Social Media
C01894,2019-07-07,Khulna,ST16,Walk-in
C01895,2023-02-17,Dhaka,ST08,Walk-in
C01896,2020-04-13,Dhaka,ST07,Walk-in
C01897,2024-04-26,Dhaka,ST02,Walk-in
C01898,2024-05-20,Chattogram,ST13,Online
C01899,2022-12-30,Dhaka,ST15,Online
C01900,2025-07-27,Rajshahi,ST08,Referral
C01901,2022-04-19,Barishal,ST01,Walk-in
C01902,2018-03-15,Dhaka,ST17,Walk-in
C01903,2022-11-06,Sylhet,ST05,Walk-in
C01904,2024-03-20,Dhaka,ST12,Walk-in
C01905,2018-10-23,Dhaka,ST02,Social Media
C01906,2018-11-02,Rajshahi,ST02,Online
C01907,2020-03-08,Chattogram,ST18,Referral
C01908,2024-10-01,Barishal,ST14,Online
C01909,2022-03-21,Chattogram,ST01,Walk-in
C01910,2025-10-22,Dhaka,ST03,Walk-in
C01911,2024-12-24,Chattogram,ST10,Walk-in
C01912,2022-06-09,Dhaka,ST14,Referral
C01913,2023-06-06,Khulna,ST09,Walk-in
C01914,2020-08-24,Rajshahi,ST18,Walk-in
C01915,2018-09-21,Dhaka,ST14,Online
C01916,2021-03-10,Chattogram,ST13,Walk-in
C01917,2022-09-26,Sylhet,ST06,Online
C01918,2019-06-17,Rajshahi,ST14,Walk-in
C01919,2019-10-10,,ST18,Online
C01920,2018-02-13,,ST01,Walk-in
C01921,2023-11-14,Dhaka,ST15,Referral
C01922,2025-03-11,,ST18,Online
C01923,2024-08-13,,ST09,Walk-in
C01924,2021-01-14,Dhaka,ST16,Referral
C01925,2022-09-29,Chattogram,ST08,Referral
C01926,2025-09-06,Chattogram,ST04,Online
C01927,2022-09-23,Dhaka,ST17,Social Media
C01928,2020-05-13,Khulna,ST07,Referral
C01929,2020-09-15,Sylhet,ST16,Walk-in
C01930,2023-10-25,Chattogram,ST07,Walk-in
C01931,2021-07-27,Chattogram,ST08,Walk-in
C01932,2024-09-10,Dhaka,ST14,Online
C01933,2024-11-28,Khulna,ST07,Social Media
C01934,2018-04-15,Sylhet,ST17,Online
C01935,2023-10-14,Chattogram,ST01,Walk-in
C01936,2020-12-16,Khulna,ST01,Social Media
C01937,2022-02-26,Khulna,ST02,Online
C01938,2020-02-13,Khulna,ST06,Walk-in
C01939,2020-12-11,Dhaka,ST02,Social Media
C01940,2020-08-22,,ST08,Walk-in
C01941,2018-05-28,Rajshahi,ST01,Online
C01942,2024-04-04,Chattogram,ST16,Walk-in
C01943,2019-02-22,Rajshahi,ST04,Social Media
C01944,2021-01-02,Rajshahi,ST20,Walk-in
C01945,2019-07-18,Dhaka,ST18,Walk-in
C01946,2019-04-14,Dhaka,ST14,Online
C01947,2020-12-26,Chattogram,ST16,Referral
C01948,2025-05-06,Dhaka,ST16,Walk-in
C01949,2025-07-19,Sylhet,ST17,Walk-in
C01950,2021-01-19,Rajshahi,ST12,Social Media
C01951,2022-01-15,,ST13,Referral
C01952,2025-11-18,Rajshahi,ST10,Walk-in
C01953,2019-11-17,Chattogram,ST13,Walk-in
C01954,2025-07-21,Rajshahi,ST08,Walk-in
C01955,2018-11-05,Dhaka,ST03,Online
C01956,2019-10-22,Rajshahi,ST19,Online
C01957,2020-09-14,Rajshahi,ST14,Referral
C01958,2018-04-19,Dhaka,ST15,Walk-in
C01959,2024-07-09,Sylhet,ST06,Referral
C01960,2024-11-02,Khulna,ST16,Walk-in
C01961,2021-01-24,Dhaka,ST11,Referral
C01962,2024-09-08,Rajshahi,ST02,Walk-in
C01963,2024-03-05,Barishal,ST20,Walk-in
C01964,2024-05-29,Khulna,ST20,Walk-in
C01965,2024-06-01,Chattogram,ST18,Walk-in
C01966,2022-08-02,Sylhet,ST10,Walk-in
C01967,2018-11-20,Barishal,ST05,Online
C01968,2025-05-20,Sylhet,ST01,Referral
C01969,2022-11-13,,ST15,Online
C01970,2025-03-16,Dhaka,ST18,Online
C01971,2025-09-01,Rajshahi,ST03,Walk-in
C01972,2019-07-01,Chattogram,ST14,Referral
C01973,2021-03-20,Dhaka,ST01,Walk-in
C01974,2019-07-17,Dhaka,ST16,Walk-in
C01975,2018-05-29,Rajshahi,ST01,Walk-in
C01976,2025-09-22,Chattogram,ST20,Walk-in
C01977,2025-05-20,Khulna,ST04,Online
C01978,2025-06-13,Rajshahi,ST09,Walk-in
C01979,2025-01-24,Barishal,ST14,Walk-in
C01980,2023-03-10,Khulna,ST17,Referral
C01981,2022-03-05,Dhaka,ST08,Walk-in
C01982,2025-12-05,Sylhet,ST20,Online
C01983,2022-06-01,Dhaka,ST01,Walk-in
C01984,2023-02-19,Barishal,ST10,Referral
C01985,2019-09-11,Dhaka,ST20,Online
C01986,2023-12-21,Sylhet,ST06,Walk-in
C01987,2024-07-20,Khulna,ST11,Referral
C01988,2023-06-05,Dhaka,ST09,Walk-in
C01989,2021-12-26,Khulna,ST08,Walk-in
C01990,2019-08-01,Dhaka,ST16,Online
C01991,2018-04-09,Chattogram,ST11,Online
C01992,2023-01-06,Chattogram,ST15,Walk-in
C01993,2023-06-18,Chattogram,ST11,Walk-in
C01994,2024-03-06,Sylhet,ST20,Walk-in
C01995,2025-08-07,Khulna,ST10,Online
C01996,2021-12-23,Dhaka,ST16,Social Media
C01997,2024-08-18,Sylhet,ST13,Walk-in
C01998,2023-09-23,Khulna,ST17,Social Media
C01999,2020-03-20,Rajshahi,ST18,Walk-in
C02000,2024-10-03,Dhaka,ST05,Referral
C02001,2018-06-05,Barishal,ST07,Social Media
C02002,2022-10-15,Dhaka,ST07,Online
C02003,2025-07-08,Sylhet,ST10,Walk-in
C02004,2023-04-09,Sylhet,ST10,Walk-in
C02005,2025-06-29,Rajshahi,ST01,Walk-in
C02006,2018-06-13,,ST18,Online
C02007,2022-04-04,Dhaka,ST18,Social Media
C02008,2024-03-29,Rajshahi,ST13,Walk-in
C02009,2023-02-19,Dhaka,ST07,Walk-in
C02010,2025-01-15,Chattogram,ST17,Walk-in
C02011,2021-09-12,Rajshahi,ST06,Online
C02012,2023-06-17,Sylhet,ST07,Online
C02013,2021-05-10,Dhaka,ST20,Walk-in
C02014,2024-12-21,Dhaka,ST19,Referral
C02015,2018-12-15,Barishal,ST12,Walk-in
C02016,2020-01-13,Chattogram,ST04,Online
C02017,2018-10-10,Dhaka,ST03,Walk-in
C02018,2023-08-13,Dhaka,ST20,Walk-in
C02019,2019-11-11,Dhaka,ST06,Online
C02020,2020-07-15,Barishal,ST14,Online
C02021,2024-09-08,Dhaka,ST08,Walk-in
C02022,2020-11-17,Dhaka,ST10,Referral
C02023,2019-03-02,Chattogram,ST20,Online
C02024,2018-03-03,Dhaka,ST12,Walk-in
C02025,2019-10-24,Dhaka,ST09,Social Media
C02026,2025-04-24,Barishal,ST09,Social Media
C02027,2022-05-21,Rajshahi,ST05,Walk-in
C02028,2025-12-14,Dhaka,ST12,Social Media
C02029,2019-09-21,Chattogram,ST12,Referral
C02030,2020-10-23,Dhaka,ST02,Walk-in
C02031,2019-04-22,,ST09,Online
C02032,2021-03-09,Sylhet,ST13,Walk-in
C02033,2022-07-03,Chattogram,ST02,Online
C02034,2024-06-17,Rajshahi,ST20,Social Media
C02035,2020-12-10,Khulna,ST18,Walk-in
C02036,2024-03-02,Dhaka,ST13,Online
C02037,2023-01-03,Barishal,ST01,Walk-in
C02038,2020-05-02,Chattogram,ST11,Online
C02039,2025-04-17,Dhaka,ST18,Referral
C02040,2021-06-21,Khulna,ST01,Walk-in
C02041,2019-03-17,Dhaka,ST16,Online
C02042,2025-09-12,Sylhet,ST17,Walk-in
C02043,2025-04-21,Rajshahi,ST02,Online
C02044,2018-05-25,,ST05,Online
C02045,2025-03-20,Khulna,ST15,Online
C02046,2025-07-29,Dhaka,ST19,Walk-in
C02047,2024-08-17,Khulna,ST16,Online
C02048,2020-01-15,Dhaka,ST11,Online
C02049,2023-01-18,Dhaka,ST13,Online
C02050,2022-04-21,Chattogram,ST11,Online
C02051,2022-12-16,Khulna,ST12,Referral
C02052,2022-12-06,Dhaka,ST16,Walk-in
C02053,2023-02-10,Khulna,ST01,Walk-in
C02054,2022-02-09,Dhaka,ST05,Social Media
C02055,2023-07-10,Chattogram,ST02,Walk-in
C02056,2022-03-18,Chattogram,ST16,Social Media
C02057,2018-02-18,Dhaka,ST15,Online
C02058,2018-04-14,Barishal,ST02,Social Media
C02059,2025-08-29,Chattogram,ST03,Online
C02060,2025-04-09,Rajshahi,ST06,Referral
C02061,2022-09-06,Sylhet,ST05,Online
C02062,2019-05-25,Chattogram,ST11,Online
C02063,2024-03-31,Sylhet,ST10,Walk-in
C02064,2019-02-23,Khulna,ST08,Walk-in
C02065,2021-01-06,Rajshahi,ST04,Walk-in
C02066,2020-08-21,Chattogram,ST13,Social Media
C02067,2018-02-06,Sylhet,ST16,Walk-in
C02068,2024-06-14,Sylhet,ST13,Referral
C02069,2022-01-28,Chattogram,ST17,Online
C02070,2020-07-12,Sylhet,ST19,Walk-in
C02071,2022-01-20,Chattogram,ST17,Social Media
C02072,2018-01-01,Rajshahi,ST14,Walk-in
C02073,2021-06-30,Barishal,ST01,Online
C02074,2022-02-26,Barishal,ST07,Walk-in
C02075,2020-09-18,,ST09,Walk-in
C02076,2024-08-21,Sylhet,ST15,Walk-in
C02077,2019-12-31,Rajshahi,ST17,Online
C02078,2019-02-07,Dhaka,ST13,Walk-in
C02079,2022-03-21,Chattogram,ST08,Referral
C02080,2025-02-03,,ST16,Online
C02081,2020-12-31,Dhaka,ST14,Walk-in
C02082,2018-05-17,Barishal,ST16,Walk-in
C02083,2025-10-03,Khulna,ST12,Walk-in
C02084,2021-07-21,Chattogram,ST13,Referral
C02085,2019-05-20,,ST07,Online
C02086,2022-12-03,Rajshahi,ST08,Walk-in
C02087,2020-07-22,Chattogram,ST06,Online
C02088,2025-07-01,Khulna,ST06,Walk-in
C02089,2020-05-08,Barishal,ST14,Online
C02090,2022-05-26,Dhaka,ST08,Walk-in
C02091,2022-05-06,Dhaka,ST03,Walk-in
C02092,2019-12-09,Dhaka,ST01,Walk-in
C02093,2021-12-28,Dhaka,ST18,Online
C02094,2018-11-15,Chattogram,ST09,Online
C02095,2023-02-23,,ST12,Walk-in
C02096,2024-01-24,,ST19,Walk-in
C02097,2025-08-06,Dhaka,ST03,Online
C02098,2020-08-09,Dhaka,ST19,Walk-in
C02099,2020-04-12,Rajshahi,ST15,Online
C02100,2022-05-22,Dhaka,ST13,Walk-in
C02101,2023-07-16,Khulna,ST09,Walk-in
C02102,2025-12-07,Dhaka,ST15,Online
C02103,2018-03-15,Dhaka,ST05,Walk-in
C02104,2019-11-27,Dhaka,ST07,Online
C02105,2020-02-06,Rajshahi,ST20,Walk-in
C02106,2020-01-16,Dhaka,ST06,Walk-in
C02107,2021-09-16,Chattogram,ST15,Online
C02108,2024-12-23,Dhaka,ST19,Walk-in
C02109,2018-04-01,Barishal,ST12,Online
C02110,2024-07-10,Dhaka,ST06,Referral
C02111,2022-12-09,Chattogram,ST17,Social Media
C02112,2022-12-02,Khulna,ST17,Walk-in
C02113,2023-06-04,Dhaka,ST11,Walk-in
C02114,2018-12-03,Dhaka,ST03,Walk-in
C02115,2023-12-21,Khulna,ST09,Referral
C02116,2019-12-26,Dhaka,ST09,Walk-in
C02117,2022-02-17,Dhaka,ST04,Walk-in
C02118,2023-05-31,Chattogram,ST09,Online
C02119,2022-10-30,Dhaka,ST04,Walk-in
C02120,2020-08-01,Khulna,ST14,Online
C02121,2021-03-02,,ST09,Walk-in
C02122,2021-10-23,Sylhet,ST15,Online
C02123,2018-05-01,Dhaka,ST10,Online
C02124,2023-10-22,Rajshahi,ST15,Walk-in
C02125,2018-10-19,Rajshahi,ST15,Online
C02126,2021-09-01,Dhaka,ST04,Online
C02127,2023-03-28,,ST09,Walk-in
C02128,2018-08-23,Sylhet,ST15,Referral
C02129,2025-12-17,Rajshahi,ST12,Referral
C02130,2021-01-06,Dhaka,ST05,Social Media
C02131,2018-02-16,Dhaka,ST17,Online
C02132,2023-04-08,,ST04,Walk-in
C02133,2022-06-17,Rajshahi,ST20,Walk-in
C02134,2023-02-13,Chattogram,ST15,Walk-in
C02135,2024-01-02,Dhaka,ST07,Walk-in
C02136,2021-10-20,,ST04,Walk-in
C02137,2024-08-11,Dhaka,ST19,Walk-in
C02138,2020-12-16,Dhaka,ST11,Walk-in
C02139,2022-05-11,Sylhet,ST17,Referral
C02140,2019-04-08,Dhaka,ST17,Walk-in
C02141,2022-12-16,Dhaka,ST02,Online
C02142,2020-02-03,Dhaka,ST14,Referral
C02143,2023-07-28,Khulna,ST07,Online
C02144,2024-05-28,Dhaka,ST19,Walk-in
C02145,2024-11-13,Sylhet,ST05,Online
C02146,2025-06-05,Barishal,ST01,Referral
C02147,2018-12-24,Sylhet,ST14,Referral
C02148,2019-02-07,Chattogram,ST12,Walk-in
C02149,2025-05-28,Chattogram,ST12,Walk-in
C02150,2021-01-17,Chattogram,ST06,Online
C02151,2018-03-17,Sylhet,ST10,Walk-in
C02152,2020-04-18,Barishal,ST20,Referral
C02153,2024-09-07,Rajshahi,ST16,Online
C02154,2020-11-02,Chattogram,ST20,Referral
C02155,2018-08-13,,ST07,Social Media
C02156,2023-10-10,Khulna,ST18,Online
C02157,2019-07-23,Dhaka,ST08,Social Media
C02158,2020-10-27,Khulna,ST19,Online
C02159,2018-01-12,Dhaka,ST18,Walk-in
C02160,2022-10-24,Rajshahi,ST04,Referral
C02161,2021-07-24,Khulna,ST20,Online
C02162,2024-12-06,Chattogram,ST13,Social Media
C02163,2020-09-03,Dhaka,ST16,Walk-in
C02164,2019-08-21,Khulna,ST12,Walk-in
C02165,2019-04-30,,ST05,Referral
C02166,2019-08-08,Dhaka,ST20,Walk-in
C02167,2021-08-10,Chattogram,ST03,Online
C02168,2018-09-12,Chattogram,ST17,Online
C02169,2021-03-20,Rajshahi,ST05,Walk-in
C02170,2024-10-31,Dhaka,ST16,Walk-in
C02171,2024-02-20,Chattogram,ST09,Referral
C02172,2023-02-04,Khulna,ST05,Walk-in
C02173,2025-02-20,Dhaka,ST05,Online
C02174,2024-03-28,Chattogram,ST07,Online
C02175,2023-03-21,Sylhet,ST19,Online
C02176,2024-11-25,Khulna,ST16,Walk-in
C02177,2018-12-30,Sylhet,ST14,Walk-in
C02178,2024-07-17,Khulna,ST13,Referral
C02179,2020-05-12,Dhaka,ST09,Walk-in
C02180,2023-11-11,Chattogram,ST19,Walk-in
C02181,2025-04-20,Barishal,ST06,Social Media
C02182,2021-12-19,Khulna,ST19,Walk-in
C02183,2018-09-17,Sylhet,ST08,Walk-in
C02184,2020-12-17,Chattogram,ST07,Social Media
C02185,2021-04-03,Chattogram,ST10,Walk-in
C02186,2025-06-28,Dhaka,ST15,Walk-in
C02187,2025-07-15,Khulna,ST15,Walk-in
C02188,2022-07-18,Khulna,ST16,Referral
C02189,2025-08-07,Chattogram,ST02,Referral
C02190,2021-06-27,Dhaka,ST04,Referral
C02191,2021-04-15,Dhaka,ST17,Social Media
C02192,2024-09-08,Dhaka,ST20,Walk-in
C02193,2023-05-03,Rajshahi,ST03,Online
C02194,2022-03-06,Sylhet,ST19,Walk-in
C02195,2021-08-26,Dhaka,ST06,Social Media
C02196,2023-08-23,Sylhet,ST20,Social Media
C02197,2024-01-10,Barishal,ST20,Walk-in
C02198,2021-12-03,Dhaka,ST13,Referral
C02199,2018-04-03,Chattogram,ST04,Online
C02200,2018-10-25,Chattogram,ST16,Walk-in
C02201,2019-02-25,Dhaka,ST03,Online
C02202,2021-09-11,Chattogram,ST07,Social Media
C02203,2022-11-29,Sylhet,ST13,Walk-in
C02204,2024-06-05,Dhaka,ST02,Walk-in
C02205,2019-11-11,Dhaka,ST08,Social Media
C02206,2024-04-15,,ST16,Walk-in
C02207,2023-04-29,Dhaka,ST02,Walk-in
C02208,2018-05-31,Sylhet,ST08,Online
C02209,2020-10-22,Sylhet,ST01,Online
C02210,2020-06-02,Khulna,ST14,Walk-in
C02211,2025-02-02,Rajshahi,ST02,Walk-in
C02212,2025-05-13,Khulna,ST06,Referral
C02213,2024-07-20,Sylhet,ST11,Walk-in
C02214,2022-03-22,Chattogram,ST05,Online
C02215,2021-12-10,Chattogram,ST05,Referral
C02216,2020-06-28,Chattogram,ST17,Walk-in
C02217,2024-03-06,Chattogram,ST16,Referral
C02218,2018-09-09,Dhaka,ST02,Referral
C02219,2020-03-02,Chattogram,ST18,Social Media
C02220,2019-01-30,Chattogram,ST10,Walk-in
C02221,2021-12-14,Dhaka,ST03,Walk-in
C02222,2020-05-25,,ST19,Online
C02223,2019-07-31,Rajshahi,ST07,Social Media
C02224,2021-01-04,Sylhet,ST07,Social Media
C02225,2024-11-18,Khulna,ST03,Walk-in
C02226,2022-06-18,Chattogram,ST18,Online
C02227,2024-07-31,Khulna,ST06,Walk-in
C02228,2025-04-22,Rajshahi,ST12,Online
C02229,2025-03-19,Dhaka,ST05,Referral
C02230,2020-10-21,Barishal,ST18,Referral
C02231,2025-01-06,,ST16,Walk-in
C02232,2025-04-09,Sylhet,ST11,Social Media
C02233,2025-09-03,Rajshahi,ST07,Walk-in
C02234,2020-10-21,Dhaka,ST14,Walk-in
C02235,2019-10-29,Sylhet,ST10,Online
C02236,2022-09-03,Chattogram,ST19,Online
C02237,2025-06-13,Dhaka,ST14,Referral
C02238,2025-03-14,Dhaka,ST01,Online
C02239,2022-07-26,Dhaka,ST17,Walk-in
C02240,2019-03-12,Dhaka,ST04,Walk-in
C02241,2021-05-18,Sylhet,ST07,Online
C02242,2023-09-17,Chattogram,ST09,Online
C02243,2022-06-25,Chattogram,ST05,Online
C02244,2020-10-05,Rajshahi,ST19,Walk-in
C02245,2020-09-27,Dhaka,ST20,Walk-in
C02246,2018-06-24,Dhaka,ST04,Referral
C02247,2020-04-22,Rajshahi,ST07,Walk-in
C02248,2023-05-09,Khulna,ST08,Online
C02249,2019-12-06,Chattogram,ST14,Walk-in
C02250,2025-12-10,Dhaka,ST12,Walk-in
C02251,2018-08-29,Rajshahi,ST14,Walk-in
C02252,2022-09-16,Khulna,ST01,Walk-in
C02253,2021-12-20,Chattogram,ST11,Online
C02254,2024-08-30,Dhaka,ST05,Walk-in
C02255,2025-02-05,Dhaka,ST05,Walk-in
C02256,2022-05-06,,ST16,Social Media
C02257,2023-01-15,Khulna,ST03,Walk-in
C02258,2023-08-03,Rajshahi,ST01,Online
C02259,2022-03-02,Dhaka,ST10,Walk-in
C02260,2019-06-24,Sylhet,ST15,Walk-in
C02261,2021-06-05,Khulna,ST11,Walk-in
C02262,2019-12-07,Chattogram,ST04,Referral
C02263,2021-09-18,Khulna,ST16,Walk-in
C02264,2022-12-02,Chattogram,ST08,Online
C02265,2019-09-04,Dhaka,ST15,Social Media
C02266,2019-12-30,Sylhet,ST05,Walk-in
C02267,2024-07-30,Chattogram,ST19,Online
C02268,2021-01-07,Barishal,ST06,Walk-in
C02269,2019-08-03,,ST20,Walk-in
C02270,2023-09-14,Chattogram,ST08,Referral
C02271,2023-09-24,Chattogram,ST15,Walk-in
C02272,2024-08-09,Chattogram,ST11,Social Media
C02273,2024-01-29,Chattogram,ST02,Online
C02274,2025-12-06,Rajshahi,ST02,Walk-in
C02275,2022-08-06,Chattogram,ST09,Walk-in
C02276,2020-04-17,Chattogram,ST04,Online
C02277,2024-11-24,Sylhet,ST13,Walk-in
C02278,2020-02-13,Dhaka,ST03,Walk-in
C02279,2020-04-29,Sylhet,ST12,Walk-in
C02280,2024-08-16,Chattogram,ST05,Walk-in
C02281,2025-01-18,Chattogram,ST04,Social Media
C02282,2020-09-17,,ST08,Walk-in
C02283,2023-10-31,Rajshahi,ST12,Walk-in
C02284,2025-05-17,Khulna,ST08,Referral
C02285,2024-05-21,,ST07,Online
C02286,2018-01-15,Dhaka,ST07,Referral
C02287,2023-04-25,Rajshahi,ST07,Social Media
C02288,2019-05-12,Sylhet,ST09,Walk-in
C02289,2024-10-07,Sylhet,ST17,Walk-in
C02290,2018-07-15,Sylhet,ST12,Online
C02291,2025-12-09,Rajshahi,ST09,Walk-in
C02292,2019-06-02,Dhaka,ST15,Online
C02293,2021-05-11,Sylhet,ST11,Walk-in
C02294,2019-11-15,Dhaka,ST19,Social Media
C02295,2024-07-04,Chattogram,ST12,Online
C02296,2021-02-23,Sylhet,ST05,Online
C02297,2023-12-15,,ST12,Walk-in
C02298,2018-07-16,Chattogram,ST16,Social Media
C02299,2021-08-15,Khulna,ST05,Online
C02300,2025-04-14,Rajshahi,ST05,Referral
C02301,2025-05-30,Chattogram,ST12,Referral
C02302,2019-09-02,Barishal,ST18,Walk-in
C02303,2021-02-25,Chattogram,ST07,Walk-in
C02304,2021-04-09,Rajshahi,ST11,Walk-in
C02305,2022-07-10,Dhaka,ST14,Online
C02306,2022-04-19,Dhaka,ST14,Online
C02307,2018-11-06,Dhaka,ST03,Walk-in
C02308,2024-02-05,Dhaka,ST08,Social Media
C02309,2019-10-22,Chattogram,ST20,Walk-in
C02310,2020-07-08,Dhaka,ST18,Referral
C02311,2024-09-20,Sylhet,ST16,Walk-in
C02312,2023-07-07,Dhaka,ST01,Walk-in
C02313,2021-03-03,,ST09,Walk-in
C02314,2025-04-18,Barishal,ST02,Online
C02315,2021-02-24,Sylhet,ST07,Referral
C02316,2022-07-10,Barishal,ST18,Walk-in
C02317,2019-12-20,Chattogram,ST08,Online
C02318,2019-06-19,Dhaka,ST04,Online
C02319,2021-12-06,Sylhet,ST15,Walk-in
C02320,2022-07-03,Sylhet,ST16,Online
C02321,2024-06-10,Dhaka,ST14,Walk-in
C02322,2021-02-15,Khulna,ST17,Referral
C02323,2025-02-26,Sylhet,ST15,Online
C02324,2022-11-09,Rajshahi,ST13,Walk-in
C02325,2018-07-24,,ST18,Referral
C02326,2023-11-29,Sylhet,ST07,Walk-in
C02327,2022-08-06,,ST10,Social Media
C02328,2021-02-10,Barishal,ST12,Online
C02329,2021-09-26,Chattogram,ST14,Walk-in
C02330,2020-05-31,Dhaka,ST10,Online
C02331,2022-11-29,Dhaka,ST09,Walk-in
C02332,2022-07-14,Sylhet,ST04,Referral
C02333,2021-07-30,,ST13,Social Media
C02334,2020-04-12,Khulna,ST03,Online
C02335,2021-03-10,Rajshahi,ST10,Online
C02336,2021-12-24,,ST09,Online
C02337,2021-10-09,Rajshahi,ST16,Walk-in
C02338,2020-06-22,Dhaka,ST10,Walk-in
C02339,2022-08-27,Sylhet,ST01,Social Media
C02340,2019-10-24,Dhaka,ST11,Walk-in
C02341,2022-01-02,Dhaka,ST05,Walk-in
C02342,2018-12-21,Chattogram,ST08,Walk-in
C02343,2021-10-10,Dhaka,ST06,Social Media
C02344,2024-04-08,Barishal,ST04,Social Media
C02345,2024-07-16,Barishal,ST19,Walk-in
C02346,2023-07-22,Chattogram,ST06,Walk-in
C02347,2023-12-18,Rajshahi,ST11,Referral
C02348,2018-07-12,,ST17,Walk-in
C02349,2020-09-23,Dhaka,ST08,Social Media
C02350,2023-03-26,Dhaka,ST19,Social Media
C02351,2024-05-26,Dhaka,ST09,Referral
C02352,2022-08-29,Dhaka,ST19,Walk-in
C02353,2024-10-28,Dhaka,ST10,Online
C02354,2020-03-08,,ST01,Social Media
C02355,2019-03-25,Dhaka,ST18,Walk-in
C02356,2018-09-10,Khulna,ST18,Referral
C02357,2022-08-29,Dhaka,ST20,Walk-in
C02358,2023-04-27,,ST03,Social Media
C02359,2020-04-13,Chattogram,ST17,Online
C02360,2024-04-07,Chattogram,ST07,Walk-in
C02361,2023-11-29,,ST17,Walk-in
C02362,2020-11-17,Dhaka,ST20,Walk-in
C02363,2019-11-29,Sylhet,ST04,Walk-in
C02364,2023-12-08,Sylhet,ST08,Social Media
C02365,2023-05-15,Rajshahi,ST06,Walk-in
C02366,2019-05-14,Sylhet,ST07,Social Media
C02367,2020-01-15,Chattogram,ST12,Walk-in
C02368,2021-11-20,Chattogram,ST09,Online
C02369,2022-02-01,,ST14,Social Media
C02370,2019-04-30,Chattogram,ST14,Online
C02371,2025-08-02,Dhaka,ST05,Referral
C02372,2021-02-08,Dhaka,ST01,Social Media
C02373,2021-01-18,Rajshahi,ST15,Online
C02374,2018-06-26,Dhaka,ST04,Referral
C02375,2025-01-01,Dhaka,ST04,Walk-in
C02376,2019-11-18,,ST13,Walk-in
C02377,2025-11-21,,ST06,Walk-in
C02378,2021-12-19,Khulna,ST04,Referral
C02379,2024-12-29,Barishal,ST07,Online
C02380,2019-06-08,Barishal,ST11,Online
C02381,2019-04-30,Chattogram,ST17,Social Media
C02382,2024-05-28,Dhaka,ST20,Walk-in
C02383,2024-07-21,Sylhet,ST15,Social Media
C02384,2022-05-05,Sylhet,ST18,Walk-in
C02385,2018-04-04,Sylhet,ST11,Walk-in
C02386,2025-07-18,Dhaka,ST09,Online
C02387,2021-02-22,Dhaka,ST17,Walk-in
C02388,2025-06-26,Dhaka,ST07,Online
C02389,2024-12-17,Dhaka,ST17,Referral
C02390,2024-10-22,Dhaka,ST20,Referral
C02391,2023-07-05,Barishal,ST08,Walk-in
C02392,2023-05-20,Dhaka,ST13,Walk-in
C02393,2022-04-05,Sylhet,ST16,Walk-in
C02394,2018-03-14,Barishal,ST16,Walk-in
C02395,2021-02-06,Chattogram,ST05,Walk-in
C02396,2023-11-04,Chattogram,ST20,Walk-in
C02397,2024-06-29,Rajshahi,ST11,Referral
C02398,2022-06-22,Dhaka,ST01,Social Media
C02399,2023-09-03,Chattogram,ST03,Referral
C02400,2018-03-05,Khulna,ST15,Walk-in
C02401,2021-09-29,Rajshahi,ST09,Online
C02402,2022-01-22,Khulna,ST03,Walk-in
C02403,2025-02-19,Barishal,ST11,Walk-in
C02404,2020-06-27,Chattogram,ST12,Walk-in
C02405,2019-11-03,Rajshahi,ST02,Social Media
C02406,2020-10-25,Sylhet,ST08,Online
C02407,2019-05-13,Sylhet,ST10,Walk-in
C02408,2022-06-19,Rajshahi,ST16,Online
C02409,2023-02-20,Rajshahi,ST14,Social Media
C02410,2024-05-28,Khulna,ST02,Walk-in
C02411,2025-10-09,Dhaka,ST13,Referral
C02412,2018-08-03,Sylhet,ST19,Walk-in
C02413,2019-12-23,Dhaka,ST02,Walk-in
C02414,2020-05-28,Sylhet,ST20,Referral
C02415,2019-12-31,Rajshahi,ST02,Walk-in
C02416,2024-08-12,Rajshahi,ST13,Online
C02417,2019-02-12,Chattogram,ST08,Walk-in
C02418,2018-03-28,Chattogram,ST15,Online
C02419,2024-11-17,Dhaka,ST17,Online
C02420,2025-09-08,Dhaka,ST18,Referral
C02421,2019-10-24,Dhaka,ST18,Referral
C02422,2020-08-29,Khulna,ST17,Online
C02423,2022-01-09,Dhaka,ST07,Walk-in
C02424,2022-03-16,Barishal,ST10,Walk-in
C02425,2025-12-03,Dhaka,ST15,Online
C02426,2021-03-26,Rajshahi,ST04,Walk-in
C02427,2018-02-05,Sylhet,ST12,Walk-in
C02428,2021-05-19,Rajshahi,ST11,Social Media
C02429,2022-06-13,Sylhet,ST20,Walk-in
C02430,2022-02-18,Rajshahi,ST01,Walk-in
C02431,2022-02-04,Khulna,ST02,Social Media
C02432,2025-05-18,Sylhet,ST01,Online
C02433,2024-06-15,Dhaka,ST11,Online
C02434,2020-01-05,,ST12,Walk-in
C02435,2020-11-03,Rajshahi,ST12,Walk-in
C02436,2023-05-04,Chattogram,ST05,Online
C02437,2021-04-13,,ST07,Walk-in
C02438,2021-06-04,Sylhet,ST09,Online
C02439,2019-05-06,Chattogram,ST01,Walk-in
C02440,2020-01-13,Rajshahi,ST16,Walk-in
C02441,2023-12-04,Rajshahi,ST02,Walk-in
C02442,2024-09-27,Rajshahi,ST14,Walk-in
C02443,2024-04-10,Rajshahi,ST10,Walk-in
C02444,2020-06-17,Khulna,ST20,Referral
C02445,2019-02-04,Sylhet,ST14,Online
C02446,2019-04-12,Barishal,ST10,Walk-in
C02447,2021-02-22,Dhaka,ST15,Online
C02448,2022-02-20,Sylhet,ST03,Walk-in
C02449,2025-02-20,Rajshahi,ST04,Walk-in
C02450,2025-03-09,Chattogram,ST10,Referral
C02451,2018-01-08,,ST18,Online
C02452,2023-08-29,,ST17,Online
C02453,2020-05-22,Chattogram,ST08,Walk-in
C02454,2019-08-01,Khulna,ST06,Walk-in
C02455,2022-06-09,Chattogram,ST20,Referral
C02456,2018-04-10,Dhaka,ST12,Online
C02457,2020-09-02,,ST03,Online
C02458,2022-06-01,Chattogram,ST05,Social Media
C02459,2020-03-05,Dhaka,ST17,Walk-in
C02460,2022-09-29,Sylhet,ST18,Referral
C02461,2021-09-05,Chattogram,ST19,Online
C02462,2024-05-23,Dhaka,ST01,Walk-in
C02463,2019-06-15,Sylhet,ST17,Walk-in
C02464,2018-06-16,Sylhet,ST03,Online
C02465,2022-03-27,Rajshahi,ST17,Walk-in
C02466,2020-01-21,Chattogram,ST18,Online
C02467,2023-08-26,Dhaka,ST08,Online
C02468,2018-09-30,,ST04,Walk-in
C02469,2022-08-07,Sylhet,ST15,Online
C02470,2025-11-30,Dhaka,ST02,Online
C02471,2018-09-29,Khulna,ST12,Walk-in
C02472,2020-05-31,Dhaka,ST07,Referral
C02473,2024-10-01,,ST09,Walk-in
C02474,2022-04-08,Rajshahi,ST17,Social Media
C02475,2019-05-26,Barishal,ST20,Walk-in
C02476,2019-09-15,Barishal,ST09,Walk-in
C02477,2024-02-12,Dhaka,ST06,Online
C02478,2024-11-18,Rajshahi,ST17,Walk-in
C02479,2020-11-18,,ST09,Walk-in
C02480,2021-10-15,Sylhet,ST04,Walk-in
C02481,2024-04-04,Sylhet,ST19,Online
C02482,2019-06-01,Dhaka,ST20,Online
C02483,2019-08-26,Dhaka,ST06,Walk-in
C02484,2024-03-11,Dhaka,ST04,Walk-in
C02485,2019-06-30,Dhaka,ST04,Walk-in
C02486,2024-02-29,Dhaka,ST12,Social Media
C02487,2021-12-22,Khulna,ST07,Walk-in
C02488,2025-11-30,Chattogram,ST13,Online
C02489,2018-04-07,Rajshahi,ST16,Walk-in
C02490,2025-07-25,Khulna,ST01,Online
C02491,2019-10-20,Rajshahi,ST18,Social Media
C02492,2018-04-13,Chattogram,ST01,Walk-in
C02493,2023-10-16,Khulna,ST03,Online
C02494,2022-04-04,Rajshahi,ST15,Walk-in
C02495,2024-09-11,Rajshahi,ST13,Online
C02496,2018-11-13,Khulna,ST20,Walk-in
C02497,2018-08-24,Sylhet,ST12,Walk-in
C02498,2022-07-15,Chattogram,ST09,Walk-in
C02499,2025-01-19,Khulna,ST14,Walk-in
C02500,2021-03-30,Chattogram,ST16,Social Media
C02501,2024-05-17,Khulna,ST14,Referral
C02502,2025-03-31,Dhaka,ST08,Walk-in
C02503,2024-12-14,Dhaka,ST20,Online
C02504,2022-01-25,Chattogram,ST07,Online
C02505,2023-08-02,Dhaka,ST07,Walk-in
C02506,2022-03-15,Barishal,ST06,Walk-in
C02507,2023-05-23,Dhaka,ST06,Online
C02508,2022-07-14,Rajshahi,ST05,Walk-in
C02509,2022-03-14,Dhaka,ST12,Online
C02510,2021-06-29,Barishal,ST15,Walk-in
C02511,2023-03-22,Chattogram,ST09,Walk-in
C02512,2024-01-03,Dhaka,ST19,Online
C02513,2025-05-07,Dhaka,ST10,Online
C02514,2022-11-26,Sylhet,ST10,Social Media
C02515,2018-10-21,Barishal,ST02,Walk-in
C02516,2022-09-12,Barishal,ST19,Online
C02517,2020-07-11,Dhaka,ST03,Social Media
C02518,2018-03-20,Chattogram,ST04,Online
C02519,2018-07-31,Dhaka,ST19,Social Media
C02520,2022-09-23,Chattogram,ST11,Social Media
C02521,2025-07-21,Sylhet,ST02,Referral
C02522,2022-01-16,Dhaka,ST09,Social Media
C02523,2021-07-24,Sylhet,ST12,Online
C02524,2018-09-16,Khulna,ST01,Walk-in
C02525,2023-05-27,Dhaka,ST16,Social Media
C02526,2018-06-11,Dhaka,ST14,Referral
C02527,2024-09-22,Dhaka,ST01,Walk-in
C02528,2024-07-11,Dhaka,ST13,Walk-in
C02529,2025-12-03,Dhaka,ST05,Walk-in
C02530,2020-04-10,Sylhet,ST15,Referral
C02531,2019-04-18,Dhaka,ST08,Walk-in
C02532,2020-05-24,Rajshahi,ST05,Walk-in
C02533,2024-05-23,Khulna,ST11,Online
C02534,2019-10-01,Barishal,ST09,Walk-in
C02535,2025-02-04,Sylhet,ST07,Social Media
C02536,2019-03-27,Dhaka,ST18,Walk-in
C02537,2018-05-23,Dhaka,ST13,Walk-in
C02538,2019-10-03,Dhaka,ST10,Walk-in
C02539,2024-01-11,Barishal,ST05,Referral
C02540,2022-10-25,,ST12,Online
C02541,2020-11-01,Chattogram,ST01,Walk-in
C02542,2023-03-31,Dhaka,ST18,Walk-in
C02543,2023-03-09,Chattogram,ST01,Social Media
C02544,2022-06-08,,ST14,Referral
C02545,2022-02-10,Barishal,ST07,Online
C02546,2018-10-24,Dhaka,ST15,Walk-in
C02547,2020-01-29,,ST08,Social Media
C02548,2022-03-21,Chattogram,ST01,Online
C02549,2019-01-30,Dhaka,ST19,Walk-in
C02550,2021-10-21,,ST16,Social Media
C02551,2018-12-08,Khulna,ST01,Referral
C02552,2024-04-17,Dhaka,ST01,Online
C02553,2018-10-29,Sylhet,ST11,Referral
C02554,2018-09-28,Chattogram,ST20,Walk-in
C02555,2023-02-06,Dhaka,ST12,Online
C02556,2019-10-06,Dhaka,ST01,Walk-in
C02557,2020-10-23,Dhaka,ST14,Online
C02558,2020-07-06,Dhaka,ST09,Walk-in
C02559,2019-09-25,,ST13,Walk-in
C02560,2024-02-03,Khulna,ST08,Social Media
C02561,2023-07-14,Rajshahi,ST01,Walk-in
C02562,2019-11-29,Barishal,ST01,Referral
C02563,2023-06-29,Chattogram,ST13,Walk-in
C02564,2023-09-15,Rajshahi,ST13,Walk-in
C02565,2022-04-24,Sylhet,ST07,Walk-in
C02566,2022-08-16,Dhaka,ST02,Walk-in
C02567,2025-06-23,Dhaka,ST16,Walk-in
C02568,2021-08-18,Chattogram,ST04,Walk-in
C02569,2021-01-30,,ST04,Online
C02570,2022-04-23,Chattogram,ST10,Walk-in
C02571,2024-09-06,Dhaka,ST15,Walk-in
C02572,2023-09-03,Barishal,ST20,Walk-in
C02573,2018-08-08,Dhaka,ST13,Walk-in
C02574,2021-09-03,,ST20,Walk-in
C02575,2023-12-01,Khulna,ST14,Walk-in
C02576,2019-10-16,Khulna,ST17,Online
C02577,2025-11-26,Rajshahi,ST04,Online
C02578,2024-06-17,Dhaka,ST02,Referral
C02579,2024-10-08,Sylhet,ST14,Referral
C02580,2018-08-27,Rajshahi,ST20,Online
C02581,2022-08-20,Rajshahi,ST15,Walk-in
C02582,2022-03-22,,ST07,Walk-in
C02583,2023-01-05,Dhaka,ST10,Online
C02584,2024-10-18,Dhaka,ST03,Walk-in
C02585,2020-10-28,Chattogram,ST07,Walk-in
C02586,2022-04-09,Sylhet,ST14,Social Media
C02587,2023-06-08,Khulna,ST04,Walk-in
C02588,2024-01-09,Rajshahi,ST10,Walk-in
C02589,2024-02-28,,ST06,Social Media
C02590,2020-09-10,Dhaka,ST10,Walk-in
C02591,2025-12-24,Chattogram,ST16,Walk-in
C02592,2018-01-29,Dhaka,ST18,Walk-in
C02593,2021-12-08,Dhaka,ST09,Walk-in
C02594,2022-11-13,Dhaka,ST17,Social Media
C02595,2018-06-29,Dhaka,ST15,Online
C02596,2021-08-10,Dhaka,ST19,Walk-in
C02597,2022-10-06,Sylhet,ST15,Walk-in
C02598,2022-11-10,Dhaka,ST12,Walk-in
C02599,2018-12-14,Dhaka,ST14,Online
C02600,2020-03-21,Dhaka,ST07,Walk-in
C02601,2019-12-16,Sylhet,ST14,Walk-in
C02602,2023-02-12,,ST15,Online
C02603,2020-08-18,Dhaka,ST13,Referral
C02604,2022-07-27,Dhaka,ST03,Social Media
C02605,2023-11-05,Barishal,ST11,Referral
C02606,2024-05-17,Sylhet,ST15,Online
C02607,2019-06-21,Rajshahi,ST04,Referral
C02608,2025-03-23,Chattogram,ST16,Social Media
C02609,2019-04-29,Khulna,ST17,Walk-in
C02610,2018-03-05,Khulna,ST11,Walk-in
C02611,2018-05-12,Chattogram,ST20,Walk-in
C02612,2019-08-11,Rajshahi,ST18,Social Media
C02613,2024-12-24,Dhaka,ST10,Social Media
C02614,2019-08-31,Sylhet,ST18,Referral
C02615,2023-07-19,,ST19,Walk-in
C02616,2021-05-07,Dhaka,ST03,Social Media
C02617,2018-04-27,Barishal,ST20,Walk-in
C02618,2021-07-20,Khulna,ST01,Walk-in
C02619,2018-03-24,,ST10,Online
C02620,2021-10-22,Barishal,ST19,Referral
C02621,2022-06-20,Dhaka,ST15,Referral
C02622,2022-03-03,Chattogram,ST06,Walk-in
C02623,2020-04-05,Khulna,ST13,Walk-in
C02624,2024-02-17,Dhaka,ST05,Walk-in
C02625,2022-10-09,Chattogram,ST05,Walk-in
C02626,2020-01-14,Sylhet,ST19,Referral
C02627,2021-06-23,Dhaka,ST01,Walk-in
C02628,2018-11-13,Chattogram,ST20,Walk-in
C02629,2025-05-20,,ST10,Walk-in
C02630,2024-01-08,Rajshahi,ST02,Online
C02631,2020-04-20,Dhaka,ST16,Referral
C02632,2023-05-25,Dhaka,ST01,Walk-in
C02633,2023-06-07,Rajshahi,ST07,Walk-in
C02634,2022-11-16,Dhaka,ST05,Social Media
C02635,2018-06-07,Chattogram,ST16,Online
C02636,2025-01-09,Rajshahi,ST08,Walk-in
C02637,2025-08-23,Rajshahi,ST14,Walk-in
C02638,2025-10-15,Dhaka,ST02,Social Media
C02639,2025-11-03,Khulna,ST14,Online
C02640,2025-06-05,Rajshahi,ST15,Walk-in
C02641,2023-11-29,Dhaka,ST06,Walk-in
C02642,2018-06-16,Rajshahi,ST18,Walk-in
C02643,2021-09-20,Rajshahi,ST10,Walk-in
C02644,2019-12-17,Sylhet,ST14,Walk-in
C02645,2019-10-05,,ST04,Walk-in
C02646,2024-08-22,Rajshahi,ST19,Walk-in
C02647,2024-06-30,Barishal,ST05,Walk-in
C02648,2022-03-05,Sylhet,ST13,Walk-in
C02649,2023-11-21,Khulna,ST02,Walk-in
C02650,2019-01-13,Rajshahi,ST01,Referral
C02651,2019-10-11,Khulna,ST03,Walk-in
C02652,2024-11-17,Barishal,ST19,Referral
C02653,2021-08-10,Dhaka,ST05,Social Media
C02654,2022-05-16,Dhaka,ST18,Social Media
C02655,2021-09-13,Sylhet,ST12,Walk-in
C02656,2019-08-14,Chattogram,ST02,Walk-in
C02657,2024-08-10,Sylhet,ST09,Online
C02658,2024-01-24,Rajshahi,ST10,Walk-in
C02659,2023-06-20,Barishal,ST06,Walk-in
C02660,2020-10-28,Chattogram,ST13,Walk-in
C02661,2023-02-22,,ST18,Online
C02662,2025-08-15,Dhaka,ST18,Referral
C02663,2023-03-13,Chattogram,ST11,Walk-in
C02664,2021-12-14,Dhaka,ST18,Social Media
C02665,2020-02-29,Chattogram,ST19,Referral
C02666,2022-03-07,Chattogram,ST02,Walk-in
C02667,2020-12-21,Rajshahi,ST13,Walk-in
C02668,2022-11-20,Sylhet,ST16,Walk-in
C02669,2018-05-14,Chattogram,ST01,Social Media
C02670,2019-07-10,Dhaka,ST13,Online
C02671,2024-04-16,Dhaka,ST19,Online
C02672,2021-01-16,Barishal,ST06,Online
C02673,2021-06-18,Barishal,ST18,Walk-in
C02674,2022-05-08,Dhaka,ST19,Social Media
C02675,2021-07-03,Dhaka,ST13,Social Media
C02676,2024-01-25,Chattogram,ST13,Online
C02677,2019-12-18,Rajshahi,ST11,Walk-in
C02678,2024-01-24,Chattogram,ST09,Walk-in
C02679,2019-09-04,Dhaka,ST10,Walk-in
C02680,2020-12-18,Chattogram,ST11,Walk-in
C02681,2022-09-13,Dhaka,ST10,Online
C02682,2025-01-31,Dhaka,ST17,Referral
C02683,2019-11-11,Dhaka,ST16,Social Media
C02684,2022-09-12,Sylhet,ST07,Walk-in
C02685,2018-07-07,,ST11,Walk-in
C02686,2018-08-09,Dhaka,ST05,Walk-in
C02687,2024-02-20,Sylhet,ST04,Social Media
C02688,2023-10-01,Chattogram,ST08,Referral
C02689,2021-01-04,Rajshahi,ST02,Walk-in
C02690,2022-12-25,Barishal,ST18,Online
C02691,2021-01-15,Dhaka,ST03,Online
C02692,2020-03-20,Khulna,ST07,Walk-in
C02693,2021-06-13,Rajshahi,ST06,Walk-in
C02694,2020-06-29,Rajshahi,ST05,Walk-in
C02695,2024-07-07,Chattogram,ST08,Walk-in
C02696,2021-04-17,,ST15,Online
C02697,2020-07-25,Dhaka,ST18,Walk-in
C02698,2022-04-15,Barishal,ST04,Online
C02699,2024-01-23,Sylhet,ST05,Online
C02700,2020-03-10,Chattogram,ST10,Online
C02701,2025-07-06,Chattogram,ST07,Social Media
C02702,2021-09-15,Dhaka,ST16,Walk-in
C02703,2023-04-14,Dhaka,ST05,Online
C02704,2025-08-27,Sylhet,ST09,Walk-in
C02705,2021-06-14,Chattogram,ST11,Online
C02706,2019-08-07,Rajshahi,ST08,Online
C02707,2023-12-24,Sylhet,ST13,Walk-in
C02708,2018-01-20,Sylhet,ST16,Walk-in
C02709,2021-08-30,Khulna,ST11,Online
C02710,2025-11-01,Dhaka,ST10,Online
C02711,2021-04-25,Rajshahi,ST20,Online
C02712,2023-06-21,Rajshahi,ST20,Walk-in
C02713,2022-03-14,Dhaka,ST20,Online
C02714,2019-09-19,Dhaka,ST01,Online
C02715,2020-07-16,Dhaka,ST17,Walk-in
C02716,2022-03-09,Dhaka,ST18,Online
C02717,2018-11-01,,ST17,Online
C02718,2021-04-26,Dhaka,ST15,Referral
C02719,2021-04-26,Sylhet,ST08,Walk-in
C02720,2024-09-03,Dhaka,ST15,Walk-in
C02721,2018-12-28,Dhaka,ST12,Social Media
C02722,2024-09-26,Dhaka,ST17,Referral
C02723,2021-04-13,Dhaka,ST08,Walk-in
C02724,2023-03-17,Barishal,ST15,Social Media
C02725,2022-06-15,Dhaka,ST16,Walk-in
C02726,2020-05-25,Dhaka,ST17,Referral
C02727,2025-06-10,Dhaka,ST04,Walk-in
C02728,2019-10-18,Chattogram,ST18,Walk-in
C02729,2018-04-16,,ST05,Social Media
C02730,2023-12-31,Rajshahi,ST19,Walk-in
C02731,2022-12-20,Chattogram,ST01,Referral
C02732,2025-02-13,Sylhet,ST05,Walk-in
C02733,2021-08-29,Chattogram,ST13,Walk-in
C02734,2018-02-19,Khulna,ST11,Social Media
C02735,2018-03-01,Sylhet,ST14,Online
C02736,2021-06-19,Dhaka,ST09,Referral
C02737,2019-12-30,Rajshahi,ST01,Referral
C02738,2025-05-16,Khulna,ST13,Walk-in
C02739,2018-12-12,Chattogram,ST11,Walk-in
C02740,2025-01-15,Barishal,ST11,Walk-in
C02741,2019-09-26,Khulna,ST08,Online
C02742,2018-12-15,Dhaka,ST18,Walk-in
C02743,2020-03-12,Rajshahi,ST16,Walk-in
C02744,2019-02-25,Sylhet,ST04,Referral
C02745,2021-03-17,Chattogram,ST01,Walk-in
C02746,2020-08-22,,ST04,Online
C02747,2022-03-25,Khulna,ST01,Walk-in
C02748,2022-04-18,Sylhet,ST15,Walk-in
C02749,2018-01-03,,ST13,Walk-in
C02750,2018-12-31,Dhaka,ST10,Walk-in
C02751,2019-04-18,Chattogram,ST12,Online
C02752,2019-07-23,Khulna,ST17,Walk-in
C02753,2018-10-01,Rajshahi,ST17,Referral
C02754,2020-07-07,Dhaka,ST09,Referral
C02755,2022-05-25,Khulna,ST12,Walk-in
C02756,2020-06-20,Khulna,ST12,Referral
C02757,2020-08-18,,ST19,Social Media
C02758,2021-10-03,,ST16,Walk-in
C02759,2022-05-21,Sylhet,ST07,Social Media
C02760,2020-08-24,Dhaka,ST18,Walk-in
C02761,2019-10-10,Dhaka,ST08,Online
C02762,2021-04-10,Sylhet,ST16,Walk-in
C02763,2018-03-12,Khulna,ST20,Referral
C02764,2021-12-09,Chattogram,ST17,Referral
C02765,2025-07-11,Khulna,ST03,Social Media
C02766,2021-03-07,,ST05,Social Media
C02767,2018-11-13,Dhaka,ST16,Walk-in
C02768,2023-08-27,,ST03,Online
C02769,2019-01-06,Rajshahi,ST01,Walk-in
C02770,2019-07-20,Rajshahi,ST06,Walk-in
C02771,2019-03-04,Chattogram,ST10,Walk-in
C02772,2025-01-24,Sylhet,ST03,Social Media
C02773,2025-11-05,,ST04,Online
C02774,2022-07-22,Rajshahi,ST07,Walk-in
C02775,2022-12-09,Rajshahi,ST12,Social Media
C02776,2023-02-28,Dhaka,ST11,Referral
C02777,2022-11-18,Dhaka,ST16,Walk-in
C02778,2022-05-08,Dhaka,ST20,Walk-in
C02779,2025-11-21,Barishal,ST01,Online
C02780,2023-11-11,Khulna,ST14,Online
C02781,2018-09-16,Rajshahi,ST04,Walk-in
C02782,2021-02-18,Dhaka,ST08,Online
C02783,2025-10-16,Sylhet,ST07,Walk-in
C02784,2021-03-24,Dhaka,ST15,Online
C02785,2019-08-19,,ST06,Walk-in
C02786,2024-12-10,Dhaka,ST18,Walk-in
C02787,2022-12-25,,ST08,Walk-in
C02788,2022-07-01,Dhaka,ST17,Online
C02789,2021-05-11,Sylhet,ST20,Walk-in
C02790,2018-12-30,Barishal,ST11,Walk-in
C02791,2021-01-26,Rajshahi,ST03,Walk-in
C02792,2021-07-01,Dhaka,ST15,Social Media
C02793,2025-06-12,Khulna,ST09,Walk-in
C02794,2020-06-16,Sylhet,ST07,Walk-in
C02795,2019-03-12,Chattogram,ST10,Walk-in
C02796,2021-06-02,Sylhet,ST06,Online
C02797,2025-12-21,Khulna,ST06,Walk-in
C02798,2021-11-09,,ST20,Walk-in
C02799,2021-01-12,Chattogram,ST06,Referral
C02800,2023-05-02,Chattogram,ST10,Referral
C02801,2023-03-10,Dhaka,ST15,Online
C02802,2020-05-23,Rajshahi,ST05,Walk-in
C02803,2025-09-27,Dhaka,ST13,Social Media
C02804,2022-09-28,Chattogram,ST18,Social Media
C02805,2018-06-18,Chattogram,ST17,Online
C02806,2021-04-05,Dhaka,ST01,Referral
C02807,2025-05-18,Chattogram,ST09,Referral
C02808,2021-02-22,Sylhet,ST01,Social Media
C02809,2022-07-17,Dhaka,ST13,Walk-in
C02810,2022-11-24,Dhaka,ST07,Social Media
C02811,2023-08-19,Khulna,ST18,Online
C02812,2024-12-22,Barishal,ST04,Online
C02813,2019-03-12,Chattogram,ST18,Walk-in
C02814,2022-02-17,,ST07,Walk-in
C02815,2022-04-07,Dhaka,ST19,Referral
C02816,2019-03-21,Dhaka,ST04,Online
C02817,2023-05-21,Chattogram,ST06,Walk-in
C02818,2018-12-12,Barishal,ST08,Online
C02819,2021-08-25,Rajshahi,ST20,Walk-in
C02820,2020-08-22,Dhaka,ST15,Walk-in
C02821,2019-03-29,Barishal,ST17,Online
C02822,2024-07-29,Chattogram,ST12,Online
C02823,2019-12-14,Dhaka,ST16,Walk-in
C02824,2020-01-16,Chattogram,ST13,Walk-in
C02825,2024-10-30,Dhaka,ST14,Walk-in
C02826,2025-01-05,Khulna,ST17,Online
C02827,2018-04-11,Chattogram,ST20,Social Media
C02828,2020-03-22,Sylhet,ST12,Referral
C02829,2023-09-01,Chattogram,ST09,Online
C02830,2024-03-22,Khulna,ST14,Walk-in
C02831,2025-12-28,Sylhet,ST15,Walk-in
C02832,2022-06-08,,ST20,Referral
C02833,2018-01-22,Dhaka,ST14,Online
C02834,2024-12-26,Khulna,ST20,Walk-in
C02835,2019-04-16,Chattogram,ST15,Online
C02836,2018-12-19,Dhaka,ST20,Online
C02837,2023-05-23,Khulna,ST16,Walk-in
C02838,2022-10-30,Dhaka,ST18,Walk-in
C02839,2018-06-25,Dhaka,ST04,Online
C02840,2019-05-10,Chattogram,ST20,Walk-in
C02841,2022-09-19,Dhaka,ST07,Walk-in
C02842,2020-01-16,Chattogram,ST16,Referral
C02843,2023-06-21,Dhaka,ST08,Social Media
C02844,2021-04-17,Dhaka,ST10,Walk-in
C02845,2022-09-14,Dhaka,ST15,Walk-in
C02846,2021-10-18,Dhaka,ST11,Walk-in
C02847,2020-12-02,Barishal,ST15,Walk-in
C02848,2020-09-26,Sylhet,ST02,Referral
C02849,2023-07-30,Chattogram,ST17,Online
C02850,2022-02-11,Chattogram,ST09,Walk-in
C02851,2022-10-02,Rajshahi,ST16,Referral
C02852,2022-08-13,Dhaka,ST06,Walk-in
C02853,2019-08-30,Dhaka,ST12,Online
C02854,2025-04-20,Sylhet,ST12,Social Media
C02855,2022-07-03,Chattogram,ST03,Walk-in
C02856,2023-09-28,Rajshahi,ST10,Walk-in
C02857,2025-01-19,Khulna,ST13,Referral
C02858,2025-05-24,Khulna,ST17,Walk-in
C02859,2023-05-02,Dhaka,ST18,Walk-in
C02860,2024-04-17,,ST08,Walk-in
C02861,2021-10-09,Dhaka,ST13,Walk-in
C02862,2023-11-25,Rajshahi,ST04,Online
C02863,2020-07-28,Khulna,ST18,Walk-in
C02864,2023-09-10,Barishal,ST18,Walk-in
C02865,2018-09-08,Dhaka,ST20,Walk-in
C02866,2025-04-23,Khulna,ST10,Online
C02867,2019-12-16,Chattogram,ST08,Referral
C02868,2023-04-02,Khulna,ST16,Online
C02869,2018-02-02,Chattogram,ST15,Online
C02870,2019-03-31,Dhaka,ST05,Referral
C02871,2025-11-20,Dhaka,ST11,Walk-in
C02872,2024-08-30,Barishal,ST13,Walk-in
C02873,2019-10-12,Chattogram,ST10,Walk-in
C02874,2019-01-18,Chattogram,ST08,Walk-in
C02875,2024-07-07,Chattogram,ST05,Social Media
C02876,2025-12-01,Chattogram,ST09,Walk-in
C02877,2019-05-08,Barishal,ST05,Referral
C02878,2023-04-23,Dhaka,ST07,Walk-in
C02879,2020-04-08,Dhaka,ST04,Walk-in
C02880,2023-12-14,,ST08,Walk-in
C02881,2021-05-06,Chattogram,ST13,Walk-in
C02882,2019-01-02,Dhaka,ST08,Walk-in
C02883,2020-08-05,Dhaka,ST03,Online
C02884,2022-04-22,Dhaka,ST17,Walk-in
C02885,2024-05-20,Dhaka,ST09,Referral
C02886,2018-03-03,Dhaka,ST12,Social Media
C02887,2025-08-28,Dhaka,ST11,Walk-in
C02888,2023-03-12,Rajshahi,ST11,Social Media
C02889,2024-12-30,Khulna,ST09,Walk-in
C02890,2025-06-08,Khulna,ST16,Walk-in
C02891,2019-03-25,Chattogram,ST18,Walk-in
C02892,2018-10-01,Dhaka,ST19,Online
C02893,2024-03-17,Barishal,ST09,Online
C02894,2019-07-03,Rajshahi,ST07,Online
C02895,2019-03-09,Chattogram,ST02,Referral
C02896,2021-09-30,Dhaka,ST09,Walk-in
C02897,2025-04-21,Dhaka,ST20,Referral
C02898,2024-05-12,Chattogram,ST06,Online
C02899,2022-02-21,Chattogram,ST17,Walk-in
C02900,2019-07-28,Dhaka,ST16,Walk-in
C02901,2020-09-09,Barishal,ST14,Walk-in
C02902,2023-07-04,Sylhet,ST12,Walk-in
C02903,2019-04-04,Sylhet,ST16,Referral
C02904,2022-03-12,Dhaka,ST02,Walk-in
C02905,2018-02-04,Rajshahi,ST03,Walk-in
C02906,2020-08-07,Rajshahi,ST04,Referral
C02907,2019-12-26,Dhaka,ST16,Online
C02908,2023-06-12,Sylhet,ST09,Social Media
C02909,2025-04-22,Sylhet,ST05,Online
C02910,2019-03-04,Khulna,ST01,Online
C02911,2024-05-17,Dhaka,ST10,Walk-in
C02912,2023-03-31,Khulna,ST08,Online
C02913,2025-10-02,Chattogram,ST04,Walk-in
C02914,2025-04-15,Dhaka,ST01,Walk-in
C02915,2018-10-22,Dhaka,ST16,Social Media
C02916,2023-12-11,Dhaka,ST16,Online
C02917,2022-09-26,Dhaka,ST05,Online
C02918,2018-11-27,Chattogram,ST10,Walk-in
C02919,2020-01-21,Rajshahi,ST06,Online
C02920,2025-05-30,Dhaka,ST09,Walk-in
C02921,2022-05-05,Barishal,ST03,Walk-in
C02922,2020-09-15,Dhaka,ST19,Walk-in
C02923,2020-07-24,,ST15,Walk-in
C02924,2024-09-12,Barishal,ST19,Walk-in
C02925,2020-04-07,Khulna,ST06,Referral
C02926,2019-04-09,Sylhet,ST18,Walk-in
C02927,2022-08-03,Rajshahi,ST11,Referral
C02928,2025-12-08,,ST04,Social Media
C02929,2019-06-20,Dhaka,ST07,Walk-in
C02930,2020-01-16,Chattogram,ST17,Online
C02931,2021-10-01,Dhaka,ST16,Walk-in
C02932,2019-08-07,Chattogram,ST15,Social Media
C02933,2023-03-16,Dhaka,ST05,Walk-in
C02934,2020-01-11,,ST13,Walk-in
C02935,2019-01-10,Khulna,ST19,Walk-in
C02936,2020-02-02,Khulna,ST01,Social Media
C02937,2025-06-10,Rajshahi,ST07,Walk-in
C02938,2025-06-22,Dhaka,ST02,Referral
C02939,2022-01-16,Dhaka,ST03,Walk-in
C02940,2021-03-15,Sylhet,ST20,Online
C02941,2024-07-21,,ST05,Walk-in
C02942,2019-07-22,Chattogram,ST04,Walk-in
C02943,2023-03-25,Chattogram,ST02,Walk-in
C02944,2023-06-09,Chattogram,ST20,Walk-in
C02945,2023-09-05,Dhaka,ST10,Referral
C02946,2019-09-29,Dhaka,ST16,Online
C02947,2023-09-23,Chattogram,ST06,Walk-in
C02948,2022-11-23,Sylhet,ST13,Walk-in
C02949,2024-12-30,Barishal,ST18,Walk-in
C02950,2019-05-25,Chattogram,ST14,Online
C02951,2022-11-27,Rajshahi,ST11,Referral
C02952,2024-08-19,Khulna,ST05,Referral
C02953,2020-03-23,Dhaka,ST05,Referral
C02954,2023-12-12,Sylhet,ST12,Walk-in
C02955,2018-10-18,Chattogram,ST10,Walk-in
C02956,2023-09-28,Sylhet,ST01,Referral
C02957,2022-11-06,Dhaka,ST04,Walk-in
C02958,2019-07-17,Khulna,ST09,Walk-in
C02959,2018-07-13,Barishal,ST04,Walk-in
C02960,2023-12-17,Dhaka,ST12,Referral
C02961,2019-12-06,Dhaka,ST07,Online
C02962,2021-12-23,Dhaka,ST06,Social Media
C02963,2018-06-27,Rajshahi,ST03,Walk-in
C02964,2025-09-14,Sylhet,ST11,Walk-in
C02965,2022-05-22,Dhaka,ST04,Walk-in
C02966,2025-06-13,Khulna,ST13,Referral
C02967,2019-04-14,Chattogram,ST19,Walk-in
C02968,2019-08-24,,ST19,Social Media
C02969,2022-11-18,Chattogram,ST14,Online
C02970,2022-11-01,Chattogram,ST17,Referral
C02971,2024-04-28,Chattogram,ST19,Referral
C02972,2025-06-02,Dhaka,ST14,Walk-in
C02973,2024-07-27,Chattogram,ST06,Online
C02974,2019-02-14,Khulna,ST11,Walk-in
C02975,2020-06-22,Chattogram,ST18,Referral
C02976,2025-04-22,Khulna,ST14,Referral
C02977,2022-05-22,Sylhet,ST08,Online
C02978,2024-12-06,Rajshahi,ST04,Walk-in
C02979,2022-07-02,Dhaka,ST03,Social Media
C02980,2018-05-26,Rajshahi,ST08,Social Media
C02981,2021-10-12,Dhaka,ST17,Online
C02982,2024-08-05,Dhaka,ST12,Social Media
C02983,2023-03-28,Dhaka,ST02,Online
C02984,2019-01-23,Dhaka,ST19,Walk-in
C02985,2019-09-06,Barishal,ST09,Walk-in
C02986,2024-10-30,Barishal,ST08,Walk-in
C02987,2025-10-30,Rajshahi,ST17,Online
C02988,2024-01-08,Dhaka,ST08,Online
C02989,2018-10-14,Khulna,ST13,Walk-in
C02990,2022-12-14,Rajshahi,ST19,Walk-in
C02991,2024-08-18,Dhaka,ST11,Online
C02992,2023-02-13,Chattogram,ST13,Referral
C02993,2022-10-01,Sylhet,ST08,Social Media
C02994,2021-09-26,,ST18,Walk-in
C02995,2019-12-16,Chattogram,ST02,Referral
C02996,2020-03-30,Rajshahi,ST06,Walk-in
C02997,2023-12-18,Dhaka,ST20,Walk-in
C02998,2018-07-23,Chattogram,ST10,Online
C02999,2018-09-04,Chattogram,ST04,Walk-in
C03000,2021-03-04,Rajshahi,ST09,Referral
C03001,2024-03-11,Barishal,ST06,Walk-in
C03002,2023-04-03,Khulna,ST11,Walk-in
C03003,2022-09-19,Sylhet,ST05,Online
C03004,2022-04-09,Sylhet,ST08,Walk-in
C03005,2018-11-20,Sylhet,ST19,Walk-in
C03006,2020-08-26,Chattogram,ST02,Walk-in
C03007,2018-08-21,,ST16,Walk-in
C03008,2024-01-23,Rajshahi,ST02,Referral
C03009,2024-01-02,Rajshahi,ST10,Walk-in
C03010,2020-01-24,Chattogram,ST14,Online
C03011,2020-05-05,Khulna,ST20,Online
C03012,2020-07-15,Rajshahi,ST06,Online
C03013,2025-02-09,Chattogram,ST02,Walk-in
C03014,2021-11-27,Dhaka,ST16,Online
C03015,2024-02-04,Dhaka,ST18,Referral
C03016,2021-08-03,Chattogram,ST12,Walk-in
C03017,2023-08-01,Chattogram,ST02,Referral
C03018,2022-03-23,Dhaka,ST11,Walk-in
C03019,2020-03-24,Dhaka,ST08,Walk-in
C03020,2025-01-02,,ST10,Online
C03021,2023-09-02,,ST02,Walk-in
C03022,2024-02-25,Rajshahi,ST07,Walk-in
C03023,2025-07-31,,ST20,Walk-in
C03024,2019-12-28,Dhaka,ST01,Walk-in
C03025,2018-09-25,Dhaka,ST19,Online
C03026,2022-08-28,Dhaka,ST11,Walk-in
C03027,2020-08-10,Chattogram,ST12,Referral
C03028,2021-06-26,Dhaka,ST19,Referral
C03029,2019-11-17,Dhaka,ST05,Walk-in
C03030,2021-03-09,,ST20,Walk-in
C03031,2021-02-22,Chattogram,ST06,Walk-in
C03032,2020-10-20,Khulna,ST07,Referral
C03033,2023-12-08,Dhaka,ST09,Walk-in
C03034,2022-09-27,Dhaka,ST13,Walk-in
C03035,2021-10-16,Barishal,ST07,Social Media
C03036,2018-11-26,Chattogram,ST16,Walk-in
C03037,2022-07-25,,ST01,Walk-in
C03038,2019-05-27,Barishal,ST14,Referral
C03039,2020-07-06,Sylhet,ST14,Social Media
C03040,2021-04-26,Dhaka,ST11,Walk-in
C03041,2019-02-17,Chattogram,ST13,Walk-in
C03042,2021-02-11,Dhaka,ST15,Walk-in
C03043,2020-02-19,Dhaka,ST19,Walk-in
C03044,2024-10-17,Dhaka,ST05,Walk-in
C03045,2024-11-15,Khulna,ST10,Walk-in
C03046,2018-01-14,Rajshahi,ST12,Online
C03047,2022-10-26,Dhaka,ST07,Referral
C03048,2023-02-14,Dhaka,ST20,Social Media
C03049,2021-01-08,Rajshahi,ST11,Referral
C03050,2021-10-01,Khulna,ST12,Walk-in
C03051,2024-04-25,Dhaka,ST04,Walk-in
C03052,2021-01-08,Dhaka,ST09,Online
C03053,2018-07-08,Khulna,ST13,Walk-in
C03054,2020-12-23,Khulna,ST09,Walk-in
C03055,2020-01-12,,ST16,Referral
C03056,2021-01-22,Dhaka,ST03,Walk-in
C03057,2019-11-03,,ST04,Walk-in
C03058,2019-03-14,Chattogram,ST07,Online
C03059,2025-11-17,Dhaka,ST07,Social Media
C03060,2019-01-12,Khulna,ST17,Online
C03061,2023-08-24,Dhaka,ST18,Walk-in
C03062,2023-09-27,Sylhet,ST10,Online
C03063,2022-12-09,Khulna,ST11,Social Media
C03064,2025-04-15,Barishal,ST06,Walk-in
C03065,2018-01-15,Sylhet,ST11,Online
C03066,2020-05-30,Barishal,ST15,Online
C03067,2019-06-23,Dhaka,ST15,Online
C03068,2022-08-12,,ST20,Walk-in
C03069,2023-01-30,Dhaka,ST12,Social Media
C03070,2025-03-06,,ST07,Walk-in
C03071,2021-01-13,Khulna,ST02,Walk-in
C03072,2019-11-20,Dhaka,ST14,Walk-in
C03073,2025-05-22,Dhaka,ST17,Walk-in
C03074,2023-05-20,Chattogram,ST12,Walk-in
C03075,2024-02-11,Dhaka,ST19,Referral
C03076,2021-07-23,Khulna,ST07,Referral
C03077,2021-07-30,Dhaka,ST02,Walk-in
C03078,2021-02-10,Rajshahi,ST13,Referral
C03079,2023-12-29,Sylhet,ST03,Social Media
C03080,2019-09-07,Chattogram,ST02,Walk-in
C03081,2025-10-19,Dhaka,ST15,Online
C03082,2019-05-29,Barishal,ST09,Social Media
C03083,2021-09-08,Sylhet,ST13,Referral
C03084,2020-07-07,Chattogram,ST15,Online
C03085,2023-02-20,Chattogram,ST08,Referral
C03086,2023-06-11,Khulna,ST13,Online
C03087,2025-05-06,Khulna,ST11,Walk-in
C03088,2024-04-23,Khulna,ST12,Walk-in
C03089,2019-12-28,Sylhet,ST15,Online
C03090,2019-08-27,Khulna,ST08,Walk-in
C03091,2025-02-01,Dhaka,ST11,Walk-in
C03092,2021-11-25,Rajshahi,ST12,Walk-in
C03093,2018-10-12,Chattogram,ST03,Referral
C03094,2024-08-05,Sylhet,ST05,Online
C03095,2023-03-09,Barishal,ST02,Walk-in
C03096,2018-03-16,Barishal,ST04,Walk-in
C03097,2024-04-04,Chattogram,ST09,Walk-in
C03098,2022-11-09,Sylhet,ST19,Walk-in
C03099,2022-11-30,Khulna,ST19,Online
C03100,2024-11-30,Barishal,ST16,Walk-in
C03101,2021-12-17,Rajshahi,ST12,Social Media
C03102,2021-09-08,Dhaka,ST05,Walk-in
C03103,2022-12-08,Dhaka,ST08,Walk-in
C03104,2019-08-01,Khulna,ST16,Referral
C03105,2019-03-19,Rajshahi,ST19,Walk-in
C03106,2024-09-29,Rajshahi,ST20,Walk-in
C03107,2019-09-22,Sylhet,ST08,Walk-in
C03108,2022-01-12,Chattogram,ST10,Online
C03109,2020-02-28,Chattogram,ST11,Walk-in
C03110,2019-11-04,Khulna,ST02,Referral
C03111,2022-10-12,Dhaka,ST03,Online
C03112,2024-05-31,,ST01,Referral
C03113,2021-07-14,Rajshahi,ST15,Online
C03114,2019-02-10,Khulna,ST05,Referral
C03115,2019-12-15,,ST15,Online
C03116,2019-04-26,Rajshahi,ST08,Walk-in
C03117,2025-01-21,Dhaka,ST16,Online
C03118,2020-07-22,Dhaka,ST03,Online
C03119,2020-12-27,Chattogram,ST07,Walk-in
C03120,2018-07-27,Dhaka,ST05,Online
C03121,2021-07-26,Barishal,ST09,Walk-in
C03122,2025-04-22,Khulna,ST12,Online
C03123,2021-04-11,Dhaka,ST04,Walk-in
C03124,2023-03-17,Khulna,ST14,Walk-in
C03125,2019-06-16,Chattogram,ST20,Walk-in
C03126,2019-02-22,Rajshahi,ST01,Walk-in
C03127,2023-11-07,Khulna,ST02,Walk-in
C03128,2018-07-11,Sylhet,ST20,Walk-in
C03129,2021-08-02,Dhaka,ST13,Online
C03130,2020-07-13,Dhaka,ST19,Walk-in
C03131,2018-02-17,Chattogram,ST15,Social Media
C03132,2022-04-01,Barishal,ST15,Referral
C03133,2025-09-15,Sylhet,ST04,Walk-in
C03134,2018-07-21,Chattogram,ST11,Walk-in
C03135,2024-07-10,Dhaka,ST08,Walk-in
C03136,2022-04-24,Khulna,ST17,Walk-in
C03137,2023-10-14,Dhaka,ST01,Walk-in
C03138,2018-10-09,Rajshahi,ST01,Online
C03139,2024-12-12,Rajshahi,ST12,Online
C03140,2018-02-03,Dhaka,ST20,Walk-in
C03141,2025-04-01,Dhaka,ST20,Online
C03142,2023-04-05,Chattogram,ST12,Walk-in
C03143,2020-09-12,Dhaka,ST09,Referral
C03144,2018-01-21,Rajshahi,ST06,Social Media
C03145,2022-11-19,Khulna,ST20,Walk-in
C03146,2018-09-13,Dhaka,ST04,Referral
C03147,2022-11-13,Chattogram,ST03,Referral
C03148,2024-03-07,Dhaka,ST11,Walk-in
C03149,2020-02-20,Dhaka,ST08,Walk-in
C03150,2019-11-29,Rajshahi,ST10,Referral
C03151,2019-10-11,Rajshahi,ST19,Walk-in
C03152,2019-10-19,Rajshahi,ST06,Walk-in
C03153,2018-11-29,Dhaka,ST18,Online
C03154,2019-12-31,Sylhet,ST05,Walk-in
C03155,2023-04-10,Chattogram,ST07,Walk-in
C03156,2020-06-02,Barishal,ST01,Social Media
C03157,2024-03-30,Sylhet,ST14,Walk-in
C03158,2024-07-20,Barishal,ST18,Online
C03159,2024-01-31,Dhaka,ST18,Online
C03160,2022-04-25,Chattogram,ST04,Walk-in
C03161,2020-07-12,Rajshahi,ST16,Online
C03162,2025-06-08,,ST03,Online
C03163,2019-08-23,Sylhet,ST13,Walk-in
C03164,2021-09-18,Chattogram,ST15,Online
C03165,2021-08-17,Barishal,ST04,Social Media
C03166,2023-12-18,Dhaka,ST03,Social Media
C03167,2022-05-16,Barishal,ST02,Walk-in
C03168,2024-05-23,Chattogram,ST15,Walk-in
C03169,2025-05-07,Chattogram,ST13,Online
C03170,2021-02-14,Chattogram,ST03,Social Media
C03171,2024-12-29,Dhaka,ST11,Referral
C03172,2019-05-11,Barishal,ST16,Walk-in
C03173,2025-04-28,Khulna,ST05,Referral
C03174,2019-06-04,Barishal,ST13,Walk-in
C03175,2024-10-18,Barishal,ST06,Walk-in
C03176,2021-02-13,Sylhet,ST06,Online
C03177,2025-09-17,Chattogram,ST08,Walk-in
C03178,2019-01-13,Khulna,ST08,Online
C03179,2021-09-21,Dhaka,ST10,Walk-in
C03180,2025-03-18,Khulna,ST05,Referral
C03181,2018-05-19,Chattogram,ST08,Social Media
C03182,2020-02-13,Rajshahi,ST13,Walk-in
C03183,2018-09-02,Chattogram,ST08,Online
C03184,2020-07-27,Chattogram,ST14,Online
C03185,2021-02-13,Dhaka,ST03,Walk-in
C03186,2022-12-13,Chattogram,ST03,Referral
C03187,2020-01-23,Chattogram,ST18,Online
C03188,2019-04-09,Dhaka,ST10,Walk-in
C03189,2019-05-12,Dhaka,ST13,Referral
C03190,2025-07-03,Sylhet,ST15,Walk-in
C03191,2025-08-15,Dhaka,ST03,Walk-in
C03192,2019-10-09,Khulna,ST20,Walk-in
C03193,2019-07-25,Dhaka,ST09,Referral
C03194,2018-06-08,Sylhet,ST18,Social Media
C03195,2025-09-02,Dhaka,ST09,Walk-in
C03196,2023-08-24,Chattogram,ST09,Walk-in
C03197,2024-01-31,Sylhet,ST13,Walk-in
C03198,2020-04-28,Sylhet,ST04,Online
C03199,2023-02-15,Chattogram,ST13,Walk-in
C03200,2018-06-24,Chattogram,ST20,Walk-in
C03201,2023-05-28,Dhaka,ST13,Walk-in
C03202,2022-08-20,Chattogram,ST02,Walk-in
C03203,2020-08-25,Chattogram,ST14,Online
C03204,2023-09-06,Sylhet,ST01,Online
C03205,2023-03-03,Chattogram,ST03,Walk-in
C03206,2021-07-05,Rajshahi,ST06,Walk-in
C03207,2019-06-30,Chattogram,ST07,Walk-in
C03208,2018-03-10,Dhaka,ST01,Online
C03209,2025-07-01,Dhaka,ST01,Walk-in
C03210,2020-04-01,Dhaka,ST16,Walk-in
C03211,2020-05-31,Chattogram,ST10,Online
C03212,2023-06-12,Khulna,ST04,Walk-in
C03213,2020-01-16,Rajshahi,ST09,Online
C03214,2021-01-02,Chattogram,ST14,Walk-in
C03215,2023-09-08,Dhaka,ST15,Walk-in
C03216,2022-10-05,Khulna,ST06,Online
C03217,2023-04-01,Dhaka,ST04,Walk-in
C03218,2018-01-14,Chattogram,ST20,Walk-in
C03219,2021-08-10,Khulna,ST13,Referral
C03220,2021-10-19,Chattogram,ST20,Walk-in
C03221,2023-01-21,Dhaka,ST07,Social Media
C03222,2019-03-19,Dhaka,ST03,Walk-in
C03223,2019-04-11,Sylhet,ST08,Referral
C03224,2024-02-05,Dhaka,ST07,Referral
C03225,2023-05-21,Sylhet,ST15,Walk-in
C03226,2024-06-26,,ST15,Online
C03227,2020-03-01,Dhaka,ST02,Online
C03228,2025-12-23,Dhaka,ST12,Walk-in
C03229,2020-03-07,,ST07,Walk-in
C03230,2023-03-16,Chattogram,ST13,Social Media
C03231,2019-04-19,Rajshahi,ST08,Online
C03232,2025-05-06,Chattogram,ST11,Social Media
C03233,2020-08-28,Dhaka,ST15,Referral
C03234,2024-06-01,Chattogram,ST06,Referral
C03235,2020-08-25,Chattogram,ST04,Online
C03236,2024-04-28,Chattogram,ST15,Online
C03237,2021-08-19,Khulna,ST19,Referral
C03238,2018-07-02,Khulna,ST09,Online
C03239,2019-07-11,Rajshahi,ST20,Walk-in
C03240,2023-06-19,Sylhet,ST04,Online
C03241,2019-07-18,Chattogram,ST17,Walk-in
C03242,2020-03-14,Sylhet,ST20,Social Media
C03243,2022-05-01,Dhaka,ST06,Online
C03244,2020-01-09,Khulna,ST03,Online
C03245,2019-01-12,Khulna,ST14,Walk-in
C03246,2022-12-28,Dhaka,ST18,Online
C03247,2023-07-05,Khulna,ST02,Walk-in
C03248,2023-11-11,Khulna,ST13,Online
C03249,2025-07-19,Chattogram,ST18,Online
C03250,2018-12-30,Khulna,ST01,Walk-in
C03251,2021-05-31,Dhaka,ST11,Walk-in
C03252,2019-11-15,Dhaka,ST02,Online
C03253,2025-03-16,Dhaka,ST04,Walk-in
C03254,2022-04-26,Sylhet,ST10,Referral
C03255,2018-10-15,Chattogram,ST07,Referral
C03256,2023-07-15,Barishal,ST02,Referral
C03257,2018-05-06,,ST17,Walk-in
C03258,2020-03-11,Dhaka,ST05,Walk-in
C03259,2023-10-08,Sylhet,ST18,Social Media
C03260,2022-01-17,Dhaka,ST04,Social Media
C03261,2024-02-01,Rajshahi,ST11,Walk-in
C03262,2022-07-26,Chattogram,ST15,Online
C03263,2024-09-27,Barishal,ST10,Walk-in
C03264,2022-07-01,Rajshahi,ST09,Walk-in
C03265,2018-06-15,Dhaka,ST16,Social Media
C03266,2018-07-28,Dhaka,ST01,Social Media
C03267,2024-03-18,Dhaka,ST17,Social Media
C03268,2018-04-23,Barishal,ST14,Walk-in
C03269,2021-01-04,Rajshahi,ST16,Walk-in
C03270,2018-02-17,Chattogram,ST09,Referral
C03271,2020-06-04,Dhaka,ST08,Online
C03272,2022-10-04,Khulna,ST12,Walk-in
C03273,2019-05-21,Dhaka,ST13,Online
C03274,2021-09-23,Rajshahi,ST19,Walk-in
C03275,2025-12-18,Rajshahi,ST18,Online
C03276,2018-07-25,Dhaka,ST02,Referral
C03277,2018-07-05,Chattogram,ST04,Walk-in
C03278,2020-03-03,Dhaka,ST19,Walk-in
C03279,2024-08-11,Chattogram,ST08,Online
C03280,2021-03-30,Barishal,ST12,Online
C03281,2023-02-11,Rajshahi,ST02,Walk-in
C03282,2018-04-09,Khulna,ST03,Walk-in
C03283,2023-11-17,Chattogram,ST09,Online
C03284,2018-07-16,Dhaka,ST15,Walk-in
C03285,2023-09-10,Rajshahi,ST16,Online
C03286,2019-03-08,Chattogram,ST18,Online
C03287,2024-11-11,Dhaka,ST04,Walk-in
C03288,2020-05-14,Chattogram,ST05,Online
C03289,2019-06-21,Sylhet,ST11,Online
C03290,2020-09-10,Rajshahi,ST11,Online
C03291,2018-01-03,Dhaka,ST01,Online
C03292,2019-04-28,Khulna,ST09,Walk-in
C03293,2022-10-14,Chattogram,ST18,Walk-in
C03294,2020-05-28,Dhaka,ST04,Walk-in
C03295,2020-10-30,Dhaka,ST17,Walk-in
C03296,2024-06-15,Khulna,ST09,Walk-in
C03297,2018-12-28,Chattogram,ST11,Walk-in
C03298,2021-03-02,Chattogram,ST13,Online
C03299,2019-06-28,Dhaka,ST15,Walk-in
C03300,2021-11-10,Rajshahi,ST13,Social Media
C03301,2020-08-26,Rajshahi,ST03,Online
C03302,2018-05-15,Dhaka,ST06,Walk-in
C03303,2018-07-25,Barishal,ST17,Online
C03304,2024-10-24,Dhaka,ST01,Walk-in
C03305,2018-06-16,,ST15,Social Media
C03306,2024-04-04,Sylhet,ST11,Social Media
C03307,2025-04-28,Rajshahi,ST03,Referral
C03308,2021-09-22,Dhaka,ST03,Online
C03309,2020-06-30,Sylhet,ST20,Social Media
C03310,2024-03-16,Dhaka,ST01,Online
C03311,2025-11-08,Sylhet,ST01,Referral
C03312,2018-12-18,Sylhet,ST01,Walk-in
C03313,2025-09-16,Barishal,ST13,Social Media
C03314,2025-07-18,Chattogram,ST19,Online
C03315,2019-02-21,Sylhet,ST04,Walk-in
C03316,2018-06-09,Sylhet,ST16,Social Media
C03317,2023-09-19,Dhaka,ST15,Online
C03318,2018-08-15,Dhaka,ST05,Social Media
C03319,2022-10-21,Barishal,ST02,Walk-in
C03320,2018-07-09,Dhaka,ST10,Online
C03321,2023-07-10,Rajshahi,ST02,Online
C03322,2019-11-08,Dhaka,ST03,Walk-in
C03323,2018-10-08,Khulna,ST10,Referral
C03324,2018-07-14,Dhaka,ST17,Online
C03325,2019-07-05,Barishal,ST20,Walk-in
C03326,2022-04-28,Rajshahi,ST13,Online
C03327,2018-08-12,Dhaka,ST06,Walk-in
C03328,2024-05-31,Rajshahi,ST07,Referral
C03329,2022-10-31,Sylhet,ST13,Referral
C03330,2020-05-18,Dhaka,ST04,Walk-in
C03331,2025-11-20,Dhaka,ST11,Online
C03332,2023-04-07,Rajshahi,ST16,Walk-in
C03333,2023-05-17,Rajshahi,ST17,Walk-in
C03334,2019-05-23,Dhaka,ST02,Referral
C03335,2023-09-07,Khulna,ST06,Walk-in
C03336,2022-06-21,Dhaka,ST06,Walk-in
C03337,2025-11-14,Dhaka,ST12,Walk-in
C03338,2021-10-27,,ST04,Online
C03339,2023-06-03,Dhaka,ST20,Referral
C03340,2020-09-23,Dhaka,ST19,Walk-in
C03341,2018-04-28,Chattogram,ST07,Walk-in
C03342,2019-01-09,Dhaka,ST09,Walk-in
C03343,2024-12-06,Dhaka,ST09,Walk-in
C03344,2023-11-26,Rajshahi,ST01,Walk-in
C03345,2020-11-30,Chattogram,ST18,Referral
C03346,2023-07-31,Khulna,ST16,Online
C03347,2018-01-13,Sylhet,ST07,Walk-in
C03348,2018-04-19,Chattogram,ST11,Online
C03349,2022-01-21,Dhaka,ST08,Referral
C03350,2022-12-30,Rajshahi,ST05,Walk-in
C03351,2025-06-29,Dhaka,ST07,Walk-in
C03352,2024-01-28,Dhaka,ST03,Referral
C03353,2020-01-22,Khulna,ST17,Walk-in
C03354,2024-07-08,Rajshahi,ST14,Referral
C03355,2021-12-06,Sylhet,ST19,Referral
C03356,2024-08-09,Dhaka,ST01,Referral
C03357,2019-05-23,Dhaka,ST13,Walk-in
C03358,2018-03-18,Chattogram,ST12,Walk-in
C03359,2018-06-18,Rajshahi,ST13,Referral
C03360,2025-12-03,Chattogram,ST20,Walk-in
C03361,2018-08-24,Dhaka,ST08,Walk-in
C03362,2025-07-05,Dhaka,ST03,Online
C03363,2023-10-24,Sylhet,ST01,Walk-in
C03364,2019-03-03,Rajshahi,ST10,Online
C03365,2024-11-28,Dhaka,ST04,Social Media
C03366,2019-02-26,Dhaka,ST03,Online
C03367,2019-02-23,Dhaka,ST03,Walk-in
C03368,2022-08-08,Dhaka,ST06,Social Media
C03369,2020-04-21,Chattogram,ST03,Online
C03370,2020-04-29,Dhaka,ST10,Walk-in
C03371,2019-07-24,Sylhet,ST14,Online
C03372,2022-11-10,Rajshahi,ST06,Walk-in
C03373,2018-03-20,Barishal,ST03,Walk-in
C03374,2019-12-17,Barishal,ST12,Online
C03375,2022-06-05,Dhaka,ST02,Walk-in
C03376,2021-11-21,Dhaka,ST15,Walk-in
C03377,2023-08-06,Dhaka,ST08,Online
C03378,2019-09-24,Rajshahi,ST09,Walk-in
C03379,2023-03-07,Dhaka,ST05,Online
C03380,2024-01-29,Chattogram,ST06,Walk-in
C03381,2021-02-07,Dhaka,ST03,Online
C03382,2020-01-20,Dhaka,ST12,Referral
C03383,2022-06-09,Rajshahi,ST03,Walk-in
C03384,2022-08-18,Sylhet,ST14,Referral
C03385,2018-10-02,Chattogram,ST06,Walk-in
C03386,2022-07-09,Khulna,ST12,Walk-in
C03387,2019-03-27,Dhaka,ST11,Walk-in
C03388,2022-07-19,Dhaka,ST13,Walk-in
C03389,2025-06-13,Chattogram,ST16,Walk-in
C03390,2022-04-18,Sylhet,ST12,Referral
C03391,2024-02-02,Sylhet,ST18,Referral
C03392,2020-06-23,Dhaka,ST06,Social Media
C03393,2025-05-18,Barishal,ST16,Social Media
C03394,2024-07-01,Dhaka,ST07,Walk-in
C03395,2025-04-30,Chattogram,ST13,Walk-in
C03396,2023-12-06,Sylhet,ST10,Walk-in
C03397,2023-03-12,Barishal,ST19,Online
C03398,2022-03-14,,ST06,Referral
C03399,2025-06-03,Barishal,ST11,Walk-in
C03400,2024-10-12,Dhaka,ST04,Walk-in
C03401,2021-05-01,Sylhet,ST13,Walk-in
C03402,2018-09-08,Khulna,ST01,Referral
C03403,2018-01-11,Chattogram,ST09,Walk-in
C03404,2019-11-13,Chattogram,ST01,Online
C03405,2018-07-02,Barishal,ST07,Walk-in
C03406,2019-09-10,Dhaka,ST10,Walk-in
C03407,2018-11-16,Chattogram,ST07,Walk-in
C03408,2025-11-04,Khulna,ST08,Referral
C03409,2018-10-06,Khulna,ST03,Referral
C03410,2023-01-05,Barishal,ST15,Walk-in
C03411,2020-10-23,Khulna,ST16,Walk-in
C03412,2019-05-24,Dhaka,ST10,Walk-in
C03413,2023-08-10,Barishal,ST02,Walk-in
C03414,2025-10-05,Chattogram,ST02,Walk-in
C03415,2024-04-27,Sylhet,ST14,Walk-in
C03416,2025-10-18,Chattogram,ST19,Online
C03417,2022-09-20,Khulna,ST18,Referral
C03418,2023-05-21,Sylhet,ST09,Online
C03419,2019-03-04,Khulna,ST10,Online
C03420,2024-10-25,Dhaka,ST04,Social Media
C03421,2023-12-24,Dhaka,ST02,Social Media
C03422,2020-01-12,Chattogram,ST16,Walk-in
C03423,2020-11-02,Dhaka,ST09,Walk-in
C03424,2022-11-19,Rajshahi,ST10,Walk-in
C03425,2018-02-07,,ST07,Referral
C03426,2024-07-16,Sylhet,ST07,Walk-in
C03427,2020-03-30,Dhaka,ST20,Walk-in
C03428,2018-08-07,Dhaka,ST17,Online
C03429,2020-08-23,Sylhet,ST14,Online
C03430,2024-09-06,Dhaka,ST08,Online
C03431,2020-03-11,Dhaka,ST15,Referral
C03432,2022-04-24,Dhaka,ST07,Online
C03433,2024-06-28,Dhaka,ST11,Referral
C03434,2018-04-09,Sylhet,ST03,Walk-in
C03435,2024-01-28,Dhaka,ST15,Referral
C03436,2020-04-22,Chattogram,ST02,Online
C03437,2023-07-25,Rajshahi,ST15,Walk-in
C03438,2019-07-04,Chattogram,ST13,Social Media
C03439,2019-02-10,Sylhet,ST02,Social Media
C03440,2024-04-20,Dhaka,ST11,Referral
C03441,2024-06-16,Barishal,ST05,Social Media
C03442,2025-11-05,Chattogram,ST10,Walk-in
C03443,2023-06-01,Dhaka,ST01,Walk-in
C03444,2021-09-22,,ST15,Walk-in
C03445,2019-07-23,Sylhet,ST11,Referral
C03446,2020-05-12,Sylhet,ST08,Referral
C03447,2023-03-08,,ST18,Social Media
C03448,2020-10-07,Dhaka,ST13,Referral
C03449,2021-11-12,Khulna,ST13,Online
C03450,2019-05-06,Rajshahi,ST03,Walk-in
C03451,2021-07-06,Chattogram,ST11,Walk-in
C03452,2019-11-26,Dhaka,ST15,Walk-in
C03453,2018-11-24,Dhaka,ST19,Referral
C03454,2019-01-21,Barishal,ST13,Walk-in
C03455,2022-02-22,Dhaka,ST04,Social Media
C03456,2020-12-05,Dhaka,ST14,Online
C03457,2018-10-19,Rajshahi,ST02,Walk-in
C03458,2022-02-10,Rajshahi,ST07,Referral
C03459,2019-04-25,Dhaka,ST19,Online
C03460,2018-02-15,Khulna,ST17,Online
C03461,2019-01-23,Chattogram,ST19,Walk-in
C03462,2021-08-02,Khulna,ST08,Walk-in
C03463,2025-08-17,Dhaka,ST14,Walk-in
C03464,2019-12-07,Dhaka,ST15,Online
C03465,2020-04-11,,ST05,Referral
C03466,2019-12-10,Dhaka,ST19,Social Media
C03467,2020-11-03,Chattogram,ST20,Referral
C03468,2023-09-26,Dhaka,ST03,Walk-in
C03469,2020-07-29,Rajshahi,ST16,Social Media
C03470,2023-04-05,Khulna,ST09,Walk-in
C03471,2025-03-07,Khulna,ST14,Walk-in
C03472,2025-07-25,,ST12,Online
C03473,2022-07-02,Khulna,ST05,Social Media
C03474,2023-09-14,Chattogram,ST02,Social Media
C03475,2025-05-07,Chattogram,ST11,Referral
C03476,2024-04-16,,ST17,Walk-in
C03477,2020-05-25,Barishal,ST17,Walk-in
C03478,2019-01-21,Barishal,ST06,Walk-in
C03479,2018-12-02,Rajshahi,ST18,Online
C03480,2025-01-19,Dhaka,ST08,Walk-in
C03481,2022-06-13,Barishal,ST12,Walk-in
C03482,2020-05-15,Barishal,ST07,Walk-in
C03483,2020-10-05,Sylhet,ST11,Online
C03484,2020-04-02,Khulna,ST11,Online
C03485,2024-05-30,Sylhet,ST14,Walk-in
C03486,2022-11-24,Barishal,ST10,Walk-in
C03487,2025-01-11,Dhaka,ST11,Online
C03488,2020-05-31,,ST14,Online
C03489,2021-10-11,Dhaka,ST09,Walk-in
C03490,2018-12-22,Dhaka,ST11,Walk-in
C03491,2025-10-07,Dhaka,ST02,Social Media
C03492,2022-02-03,Chattogram,ST18,Referral
C03493,2022-06-03,Dhaka,ST03,Walk-in
C03494,2021-04-22,Barishal,ST18,Online
C03495,2020-03-02,Sylhet,ST16,Online
C03496,2025-08-01,Khulna,ST19,Walk-in
C03497,2021-11-28,Dhaka,ST01,Walk-in
C03498,2023-05-25,Dhaka,ST05,Social Media
C03499,2018-04-19,Rajshahi,ST02,Online
C03500,2020-03-16,Rajshahi,ST09,Walk-in
C03501,2024-06-05,Chattogram,ST19,Referral
C03502,2018-09-14,Khulna,ST16,Walk-in
C03503,2018-10-24,Khulna,ST15,Online
C03504,2024-06-22,Sylhet,ST17,Walk-in
C03505,2020-06-20,,ST01,Walk-in
C03506,2020-03-10,Rajshahi,ST16,Walk-in
C03507,2022-07-09,Rajshahi,ST07,Social Media
C03508,2019-07-24,Chattogram,ST14,Online
C03509,2018-05-06,Dhaka,ST16,Referral
C03510,2018-01-13,,ST14,Walk-in
C03511,2018-08-20,Rajshahi,ST09,Referral
C03512,2019-04-08,Rajshahi,ST13,Walk-in
C03513,2023-07-26,Dhaka,ST10,Online
C03514,2020-05-20,Sylhet,ST13,Walk-in
C03515,2018-07-29,Dhaka,ST10,Online
C03516,2018-02-12,Dhaka,ST08,Walk-in
C03517,2021-10-25,Barishal,ST05,Walk-in
C03518,2024-09-19,Chattogram,ST08,Referral
C03519,2020-09-15,Dhaka,ST15,Walk-in
C03520,2018-07-06,Chattogram,ST18,Walk-in
C03521,2019-10-28,Chattogram,ST03,Social Media
C03522,2021-12-29,Rajshahi,ST04,Walk-in
C03523,2019-07-06,,ST11,Online
C03524,2025-10-28,Sylhet,ST15,Referral
C03525,2024-02-08,Sylhet,ST04,Online
C03526,2020-10-03,Chattogram,ST07,Walk-in
C03527,2025-08-10,Sylhet,ST01,Online
C03528,2020-08-07,Dhaka,ST02,Online
C03529,2019-02-14,Dhaka,ST03,Walk-in
C03530,2025-07-02,Khulna,ST15,Referral
C03531,2025-09-03,Chattogram,ST18,Social Media
C03532,2020-07-01,Chattogram,ST10,Walk-in
C03533,2022-10-03,Dhaka,ST04,Walk-in
C03534,2019-05-22,Khulna,ST19,Online
C03535,2023-02-17,Dhaka,ST06,Walk-in
C03536,2023-07-09,Chattogram,ST04,Referral
C03537,2023-09-04,Khulna,ST03,Walk-in
C03538,2022-07-19,Chattogram,ST08,Walk-in
C03539,2023-08-19,Barishal,ST15,Online
C03540,2022-06-09,Dhaka,ST08,Social Media
C03541,2024-07-21,,ST09,Walk-in
C03542,2019-06-09,Barishal,ST07,Referral
C03543,2021-11-12,Chattogram,ST19,Walk-in
C03544,2021-04-30,Rajshahi,ST14,Walk-in
C03545,2022-04-07,Chattogram,ST14,Online
C03546,2019-02-19,Rajshahi,ST09,Walk-in
C03547,2020-08-03,Khulna,ST11,Online
C03548,2025-08-18,,ST18,Walk-in
C03549,2018-11-04,Barishal,ST14,Walk-in
C03550,2023-01-30,Sylhet,ST17,Walk-in
C03551,2023-04-25,Sylhet,ST01,Referral
C03552,2021-10-17,Dhaka,ST18,Social Media
C03553,2018-04-09,Rajshahi,ST20,Walk-in
C03554,2018-04-11,Khulna,ST14,Walk-in
C03555,2020-03-15,Sylhet,ST20,Social Media
C03556,2018-10-27,Dhaka,ST12,Walk-in
C03557,2018-10-03,Chattogram,ST06,Referral
C03558,2019-04-13,Rajshahi,ST13,Online
C03559,2019-07-11,Barishal,ST13,Referral
C03560,2024-09-14,Dhaka,ST03,Walk-in
C03561,2023-02-09,Dhaka,ST05,Walk-in
C03562,2018-03-30,Chattogram,ST06,Walk-in
C03563,2023-01-10,Dhaka,ST11,Walk-in
C03564,2019-02-04,Barishal,ST03,Walk-in
C03565,2021-05-14,,ST16,Social Media
C03566,2018-04-22,Chattogram,ST03,Walk-in
C03567,2018-09-21,Dhaka,ST19,Walk-in
C03568,2019-01-23,Chattogram,ST14,Walk-in
C03569,2021-06-19,Barishal,ST07,Walk-in
C03570,2021-09-14,Chattogram,ST08,Online
C03571,2020-10-27,Dhaka,ST14,Walk-in
C03572,2022-12-16,Dhaka,ST02,Referral
C03573,2023-10-05,Barishal,ST15,Referral
C03574,2023-10-29,Barishal,ST12,Walk-in
C03575,2022-08-18,Dhaka,ST05,Referral
C03576,2022-05-13,Sylhet,ST18,Walk-in
C03577,2021-12-06,Dhaka,ST13,Walk-in
C03578,2019-11-26,Sylhet,ST04,Social Media
C03579,2021-11-22,Dhaka,ST14,Referral
C03580,2018-01-30,Khulna,ST09,Walk-in
C03581,2025-09-22,Barishal,ST16,Walk-in
C03582,2020-12-16,Dhaka,ST10,Walk-in
C03583,2024-01-18,Chattogram,ST20,Online
C03584,2025-08-25,Dhaka,ST19,Online
C03585,2021-12-22,,ST01,Walk-in
C03586,2024-11-21,Dhaka,ST09,Social Media
C03587,2021-10-31,Dhaka,ST05,Online
C03588,2019-01-22,Barishal,ST10,Walk-in
C03589,2018-03-19,Dhaka,ST03,Referral
C03590,2019-02-01,Khulna,ST11,Online
C03591,2025-07-15,Dhaka,ST04,Walk-in
C03592,2021-10-19,Chattogram,ST13,Online
C03593,2020-07-20,Chattogram,ST10,Referral
C03594,2021-07-26,Barishal,ST20,Social Media
C03595,2020-01-18,Dhaka,ST18,Walk-in
C03596,2024-12-17,Dhaka,ST13,Online
C03597,2025-12-28,Rajshahi,ST09,Referral
C03598,2018-09-05,Rajshahi,ST15,Social Media
C03599,2023-09-30,Rajshahi,ST14,Walk-in
C03600,2020-09-06,Dhaka,ST03,Online
C03601,2018-05-19,Dhaka,ST08,Referral
C03602,2025-05-16,Khulna,ST20,Walk-in
C03603,2018-06-30,Sylhet,ST07,Walk-in
C03604,2019-08-25,Sylhet,ST01,Online
C03605,2018-03-16,Dhaka,ST17,Online
C03606,2021-10-08,Dhaka,ST19,Online
C03607,2022-10-17,Barishal,ST14,Walk-in
C03608,2020-07-25,,ST13,Referral
C03609,2018-07-28,Dhaka,ST08,Walk-in
C03610,2018-12-06,,ST08,Referral
C03611,2025-06-18,Sylhet,ST19,Walk-in
C03612,2024-06-11,Dhaka,ST18,Walk-in
C03613,2025-06-28,Chattogram,ST10,Social Media
C03614,2022-03-30,Rajshahi,ST07,Referral
C03615,2022-05-14,Chattogram,ST04,Walk-in
C03616,2024-04-14,Sylhet,ST01,Walk-in
C03617,2022-12-06,Rajshahi,ST10,Online
C03618,2021-06-28,Dhaka,ST12,Social Media
C03619,2020-05-02,Barishal,ST14,Walk-in
C03620,2021-11-18,Chattogram,ST17,Social Media
C03621,2018-07-06,Chattogram,ST08,Walk-in
C03622,2019-07-16,Rajshahi,ST04,Online
C03623,2023-11-24,Sylhet,ST17,Walk-in
C03624,2024-12-09,Chattogram,ST16,Walk-in
C03625,2018-10-25,Sylhet,ST11,Social Media
C03626,2018-10-10,Khulna,ST01,Walk-in
C03627,2018-09-07,Khulna,ST10,Social Media
C03628,2024-04-30,Khulna,ST13,Walk-in
C03629,2020-06-27,Dhaka,ST18,Walk-in
C03630,2020-08-12,Chattogram,ST11,Social Media
C03631,2018-02-06,Sylhet,ST10,Online
C03632,2025-10-10,Dhaka,ST08,Walk-in
C03633,2021-06-21,Rajshahi,ST09,Online
C03634,2024-05-17,Dhaka,ST01,Walk-in
C03635,2023-08-29,Dhaka,ST03,Referral
C03636,2019-02-18,Dhaka,ST16,Walk-in
C03637,2024-05-28,Dhaka,ST08,Online
C03638,2022-05-26,Dhaka,ST18,Walk-in
C03639,2022-10-31,Sylhet,ST08,Online
C03640,2019-08-08,Sylhet,ST20,Social Media
C03641,2024-10-08,Dhaka,ST04,Referral
C03642,2025-06-13,Dhaka,ST04,Walk-in
C03643,2021-04-01,Khulna,ST12,Walk-in
C03644,2018-09-28,Dhaka,ST17,Walk-in
C03645,2024-10-14,Chattogram,ST03,Referral
C03646,2025-02-04,Chattogram,ST11,Walk-in
C03647,2022-01-18,Sylhet,ST05,Online
C03648,2022-08-19,Khulna,ST15,Walk-in
C03649,2019-10-14,Sylhet,ST12,Social Media
C03650,2018-07-17,Barishal,ST14,Online
C03651,2025-07-19,Khulna,ST06,Online
C03652,2021-11-11,Dhaka,ST06,Social Media
C03653,2020-03-13,Dhaka,ST13,Social Media
C03654,2023-07-18,Dhaka,ST08,Online
C03655,2018-03-18,Chattogram,ST14,Referral
C03656,2018-08-22,Sylhet,ST04,Online
C03657,2019-12-10,Dhaka,ST07,Walk-in
C03658,2021-08-08,Dhaka,ST03,Walk-in
C03659,2020-12-06,Chattogram,ST02,Online
C03660,2019-07-02,,ST06,Online
C03661,2020-10-22,Rajshahi,ST10,Walk-in
C03662,2020-09-02,Barishal,ST03,Walk-in
C03663,2022-03-13,Dhaka,ST02,Online
C03664,2022-07-02,Chattogram,ST18,Walk-in
C03665,2025-01-22,Barishal,ST11,Online
C03666,2024-06-13,Rajshahi,ST15,Online
C03667,2020-05-03,Sylhet,ST15,Walk-in
C03668,2025-03-20,Chattogram,ST03,Walk-in
C03669,2022-03-01,Dhaka,ST13,Walk-in
C03670,2019-07-03,Khulna,ST18,Walk-in
C03671,2020-09-20,Sylhet,ST09,Online
C03672,2023-12-06,Sylhet,ST18,Online
C03673,2024-07-27,Chattogram,ST19,Referral
C03674,2020-12-28,,ST11,Walk-in
C03675,2019-04-06,Dhaka,ST03,Online
C03676,2019-07-15,Rajshahi,ST13,Walk-in
C03677,2018-10-30,Chattogram,ST18,Referral
C03678,2023-08-03,Dhaka,ST12,Walk-in
C03679,2022-01-08,Chattogram,ST17,Online
C03680,2021-08-10,Barishal,ST11,Online
C03681,2023-05-16,Chattogram,ST09,Walk-in
C03682,2024-08-16,Chattogram,ST19,Social Media
C03683,2024-05-11,Sylhet,ST04,Walk-in
C03684,2019-02-05,Khulna,ST09,Walk-in
C03685,2022-09-18,Sylhet,ST04,Online
C03686,2025-01-20,Khulna,ST14,Online
C03687,2024-03-09,Dhaka,ST19,Walk-in
C03688,2020-08-19,Barishal,ST20,Walk-in
C03689,2021-02-20,Khulna,ST05,Walk-in
C03690,2025-02-12,Chattogram,ST15,Referral
C03691,2018-04-06,Sylhet,ST18,Online
C03692,2022-03-15,Dhaka,ST17,Walk-in
C03693,2018-12-06,,ST11,Walk-in
C03694,2025-02-25,Dhaka,ST04,Social Media
C03695,2018-04-24,Dhaka,ST10,Referral
C03696,2018-03-10,Barishal,ST16,Walk-in
C03697,2020-08-18,Dhaka,ST13,Online
C03698,2019-08-08,Sylhet,ST08,Walk-in
C03699,2021-12-17,Dhaka,ST05,Walk-in
C03700,2020-05-24,Chattogram,ST14,Referral
C03701,2020-11-06,Chattogram,ST09,Referral
C03702,2022-07-08,Dhaka,ST10,Walk-in
C03703,2022-06-25,Sylhet,ST19,Referral
C03704,2025-06-22,Barishal,ST01,Online
C03705,2021-11-04,Chattogram,ST05,Referral
C03706,2022-07-06,Barishal,ST19,Referral
C03707,2023-06-03,Sylhet,ST19,Online
C03708,2019-05-24,Sylhet,ST07,Social Media
C03709,2023-05-02,Dhaka,ST20,Walk-in
C03710,2024-11-21,Dhaka,ST05,Online
C03711,2020-07-17,Khulna,ST02,Walk-in
C03712,2019-06-05,Sylhet,ST07,Referral
C03713,2020-10-07,Chattogram,ST11,Walk-in
C03714,2020-03-14,Khulna,ST01,Walk-in
C03715,2022-09-05,Dhaka,ST04,Referral
C03716,2024-11-27,,ST16,Walk-in
C03717,2022-10-08,Dhaka,ST13,Walk-in
C03718,2019-01-02,Barishal,ST13,Walk-in
C03719,2020-07-07,Dhaka,ST20,Online
C03720,2023-07-06,Dhaka,ST05,Walk-in
C03721,2020-08-22,Rajshahi,ST18,Walk-in
C03722,2022-09-09,Dhaka,ST08,Online
C03723,2023-07-20,Barishal,ST19,Social Media
C03724,2020-08-19,Sylhet,ST16,Referral
C03725,2023-03-06,Dhaka,ST05,Walk-in
C03726,2021-03-08,,ST05,Referral
C03727,2019-01-30,Barishal,ST11,Referral
C03728,2020-12-22,Sylhet,ST11,Online
C03729,2021-07-11,Khulna,ST05,Online
C03730,2018-01-07,Dhaka,ST06,Walk-in
C03731,2025-02-19,Barishal,ST18,Online
C03732,2022-03-22,Chattogram,ST16,Online
C03733,2018-04-17,Sylhet,ST04,Walk-in
C03734,2024-12-09,Chattogram,ST15,Walk-in
C03735,2024-11-02,Dhaka,ST04,Walk-in
C03736,2018-02-05,Barishal,ST09,Online
C03737,2019-04-22,Barishal,ST01,Walk-in
C03738,2020-11-28,Chattogram,ST13,Online
C03739,2022-01-21,Barishal,ST04,Referral
C03740,2023-10-21,Dhaka,ST05,Walk-in
C03741,2021-05-24,Dhaka,ST04,Walk-in
C03742,2022-11-22,Dhaka,ST04,Walk-in
C03743,2018-01-30,Chattogram,ST02,Walk-in
C03744,2023-04-07,Dhaka,ST12,Referral
C03745,2025-04-26,Chattogram,ST18,Online
C03746,2022-03-17,Dhaka,ST07,Referral
C03747,2021-08-21,Rajshahi,ST16,Social Media
C03748,2020-05-17,Khulna,ST11,Walk-in
C03749,2025-08-18,,ST06,Online
C03750,2018-04-07,Dhaka,ST02,Walk-in
C03751,2020-04-17,Rajshahi,ST16,Walk-in
C03752,2019-02-10,Dhaka,ST01,Walk-in
C03753,2024-12-04,Rajshahi,ST09,Walk-in
C03754,2021-11-10,,ST01,Online
C03755,2025-05-17,Chattogram,ST16,Online
C03756,2023-04-27,Dhaka,ST20,Walk-in
C03757,2022-06-14,Khulna,ST07,Walk-in
C03758,2022-02-20,Barishal,ST07,Online
C03759,2019-08-15,Sylhet,ST12,Online
C03760,2022-06-30,Barishal,ST11,Online
C03761,2023-06-24,Barishal,ST08,Walk-in
C03762,2025-09-19,Dhaka,ST08,Walk-in
C03763,2022-05-23,Rajshahi,ST04,Referral
C03764,2025-07-04,Dhaka,ST06,Online
C03765,2025-07-21,Chattogram,ST12,Walk-in
C03766,2022-03-06,Dhaka,ST15,Walk-in
C03767,2021-07-06,Barishal,ST16,Walk-in
C03768,2019-02-21,Rajshahi,ST11,Online
C03769,2020-02-24,Dhaka,ST16,Walk-in
C03770,2025-01-10,Chattogram,ST12,Online
C03771,2019-02-08,,ST08,Social Media
C03772,2021-03-05,Rajshahi,ST08,Walk-in
C03773,2023-08-03,Barishal,ST11,Walk-in
C03774,2019-12-04,Dhaka,ST07,Walk-in
C03775,2025-10-15,Chattogram,ST16,Walk-in
C03776,2023-03-12,Sylhet,ST04,Social Media
C03777,2018-03-24,Chattogram,ST02,Social Media
C03778,2019-12-23,Chattogram,ST10,Walk-in
C03779,2023-12-03,Dhaka,ST02,Social Media
C03780,2024-11-25,Dhaka,ST04,Walk-in
C03781,2025-05-30,Chattogram,ST08,Online
C03782,2024-10-21,Khulna,ST01,Online
C03783,2018-08-07,Dhaka,ST05,Walk-in
C03784,2023-11-01,,ST11,Online
C03785,2018-11-18,Rajshahi,ST08,Online
C03786,2018-08-12,Barishal,ST18,Walk-in
C03787,2023-07-14,Chattogram,ST02,Social Media
C03788,2021-10-28,Dhaka,ST15,Walk-in
C03789,2023-03-08,Rajshahi,ST12,Walk-in
C03790,2024-10-22,Chattogram,ST13,Social Media
C03791,2018-07-20,Rajshahi,ST14,Walk-in
C03792,2022-03-21,Dhaka,ST02,Walk-in
C03793,2024-09-02,Dhaka,ST16,Walk-in
C03794,2021-07-09,Dhaka,ST07,Walk-in
C03795,2022-03-09,Rajshahi,ST14,Walk-in
C03796,2021-12-24,Chattogram,ST06,Walk-in
C03797,2025-04-03,Dhaka,ST08,Online
C03798,2018-05-26,Chattogram,ST15,Walk-in
C03799,2025-01-07,Rajshahi,ST19,Referral
C03800,2024-07-11,Dhaka,ST18,Social Media
C03801,2024-06-30,Rajshahi,ST15,Walk-in
C03802,2021-04-18,,ST11,Social Media
C03803,2022-02-15,Chattogram,ST11,Referral
C03804,2020-12-13,Barishal,ST20,Social Media
C03805,2020-01-05,,ST05,Online
C03806,2024-12-31,Dhaka,ST20,Walk-in
C03807,2022-01-17,Dhaka,ST13,Walk-in
C03808,2023-10-14,Dhaka,ST13,Social Media
C03809,2018-10-22,,ST12,Online
C03810,2024-04-22,Chattogram,ST17,Referral
C03811,2023-04-08,Khulna,ST14,Online
C03812,2025-12-23,Khulna,ST02,Walk-in
C03813,2019-01-27,Dhaka,ST16,Walk-in
C03814,2022-04-26,Chattogram,ST15,Social Media
C03815,2022-02-01,Dhaka,ST19,Walk-in
C03816,2022-04-22,,ST19,Online
C03817,2018-06-08,Dhaka,ST19,Social Media
C03818,2021-10-13,Barishal,ST01,Walk-in
C03819,2020-05-24,Khulna,ST13,Walk-in
C03820,2022-12-08,Dhaka,ST19,Online
C03821,2019-11-09,Rajshahi,ST20,Referral
C03822,2021-06-24,Sylhet,ST11,Online
C03823,2022-12-16,Khulna,ST19,Walk-in
C03824,2018-07-07,Chattogram,ST18,Walk-in
C03825,2024-04-16,,ST01,Walk-in
C03826,2023-09-21,Sylhet,ST18,Walk-in
C03827,2018-06-17,Dhaka,ST13,Walk-in
C03828,2018-07-09,Sylhet,ST12,Referral
C03829,2024-10-18,Dhaka,ST04,Walk-in
C03830,2020-04-07,Rajshahi,ST19,Referral
C03831,2024-11-18,Khulna,ST06,Social Media
C03832,2021-12-28,Dhaka,ST09,Online
C03833,2020-09-26,Chattogram,ST06,Online
C03834,2020-03-09,Rajshahi,ST20,Walk-in
C03835,2023-04-09,Dhaka,ST10,Online
C03836,2018-11-17,Sylhet,ST03,Walk-in
C03837,2021-03-21,Rajshahi,ST01,Walk-in
C03838,2020-10-06,Chattogram,ST20,Online
C03839,2019-03-27,Khulna,ST05,Walk-in
C03840,2020-10-27,Chattogram,ST16,Walk-in
C03841,2022-03-24,Sylhet,ST01,Online
C03842,2023-06-02,,ST18,Walk-in
C03843,2018-09-10,Dhaka,ST14,Walk-in
C03844,2024-12-22,Dhaka,ST05,Walk-in
C03845,2025-01-09,Khulna,ST18,Walk-in
C03846,2023-07-14,Khulna,ST06,Online
C03847,2025-05-22,Khulna,ST20,Online
C03848,2021-06-03,Dhaka,ST12,Walk-in
C03849,2024-07-27,Chattogram,ST09,Online
C03850,2023-10-25,Rajshahi,ST02,Social Media
C03851,2022-07-01,Rajshahi,ST06,Online
C03852,2019-06-09,Dhaka,ST02,Online
C03853,2022-06-17,Khulna,ST18,Online
C03854,2025-03-16,Dhaka,ST03,Referral
C03855,2025-11-15,Dhaka,ST03,Social Media
C03856,2021-08-01,Khulna,ST03,Walk-in
C03857,2019-12-25,Chattogram,ST20,Walk-in
C03858,2023-12-23,Chattogram,ST20,Walk-in
C03859,2018-08-10,Sylhet,ST15,Referral
C03860,2019-03-18,Barishal,ST02,Walk-in
C03861,2022-06-29,Dhaka,ST11,Social Media
C03862,2025-12-01,Rajshahi,ST19,Walk-in
C03863,2020-08-18,Dhaka,ST02,Online
C03864,2021-07-18,Dhaka,ST16,Walk-in
C03865,2020-07-30,Chattogram,ST01,Walk-in
C03866,2021-07-10,Chattogram,ST17,Walk-in
C03867,2018-01-21,Dhaka,ST11,Online
C03868,2022-10-03,Chattogram,ST18,Walk-in
C03869,2022-10-08,Sylhet,ST09,Walk-in
C03870,2020-07-10,Sylhet,ST16,Online
C03871,2020-02-10,Rajshahi,ST17,Social Media
C03872,2024-02-02,Khulna,ST07,Referral
C03873,2019-07-03,Chattogram,ST13,Online
C03874,2018-05-18,Chattogram,ST10,Walk-in
C03875,2018-04-29,Chattogram,ST09,Social Media
C03876,2025-01-18,Sylhet,ST16,Walk-in
C03877,2020-11-29,Dhaka,ST05,Social Media
C03878,2018-10-25,Dhaka,ST03,Referral
C03879,2025-01-10,,ST10,Walk-in
C03880,2019-03-10,Chattogram,ST17,Walk-in
C03881,2020-09-10,Barishal,ST04,Online
C03882,2018-03-02,Sylhet,ST07,Online
C03883,2023-06-06,Chattogram,ST14,Online
C03884,2023-08-04,Sylhet,ST10,Social Media
C03885,2024-01-19,Sylhet,ST13,Online
C03886,2020-02-08,Chattogram,ST11,Walk-in
C03887,2020-08-16,Chattogram,ST17,Online
C03888,2025-07-02,Rajshahi,ST18,Walk-in
C03889,2024-07-27,Dhaka,ST09,Online
C03890,2018-04-19,,ST09,Social Media
C03891,2023-07-14,Chattogram,ST06,Walk-in
C03892,2024-07-01,Rajshahi,ST09,Referral
C03893,2022-06-21,Barishal,ST17,Referral
C03894,2023-02-12,Rajshahi,ST11,Walk-in
C03895,2018-01-03,,ST14,Referral
C03896,2018-03-29,,ST09,Referral
C03897,2018-04-13,Sylhet,ST15,Walk-in
C03898,2019-04-10,Khulna,ST15,Walk-in
C03899,2025-12-03,Barishal,ST11,Walk-in
C03900,2023-01-27,Khulna,ST19,Online
C03901,2024-04-03,,ST18,Walk-in
C03902,2020-05-13,Rajshahi,ST04,Walk-in
C03903,2025-06-30,Khulna,ST05,Social Media
C03904,2019-08-04,Rajshahi,ST20,Online
C03905,2025-03-19,Rajshahi,ST09,Online
C03906,2018-03-31,Chattogram,ST07,Social Media
C03907,2018-03-01,Sylhet,ST16,Walk-in
C03908,2018-08-19,Dhaka,ST13,Walk-in
C03909,2024-05-01,Dhaka,ST03,Online
C03910,2020-01-22,Khulna,ST02,Walk-in
C03911,2021-08-10,,ST17,Walk-in
C03912,2021-10-08,Khulna,ST16,Referral
C03913,2024-04-24,Dhaka,ST08,Walk-in
C03914,2020-10-15,Dhaka,ST18,Online
C03915,2018-01-20,Dhaka,ST03,Online
C03916,2021-02-02,Khulna,ST18,Online
C03917,2020-04-21,,ST02,Walk-in
C03918,2023-11-05,Barishal,ST13,Walk-in
C03919,2024-01-03,Dhaka,ST17,Referral
C03920,2018-09-26,Sylhet,ST13,Social Media
C03921,2024-05-04,Rajshahi,ST16,Walk-in
C03922,2018-07-25,Dhaka,ST07,Walk-in
C03923,2022-12-15,Barishal,ST06,Online
C03924,2021-02-10,Sylhet,ST06,Walk-in
C03925,2020-05-29,Dhaka,ST03,Walk-in
C03926,2021-11-11,Dhaka,ST06,Walk-in
C03927,2020-06-25,Khulna,ST05,Walk-in
C03928,2024-05-07,Sylhet,ST16,Walk-in
C03929,2025-09-23,Rajshahi,ST05,Walk-in
C03930,2024-07-10,Rajshahi,ST04,Referral
C03931,2021-07-06,Chattogram,ST15,Walk-in
C03932,2022-01-09,Rajshahi,ST11,Walk-in
C03933,2021-07-29,Barishal,ST05,Walk-in
C03934,2024-05-06,Dhaka,ST15,Referral
C03935,2022-06-01,,ST05,Walk-in
C03936,2021-09-28,Dhaka,ST16,Walk-in
C03937,2021-04-10,Dhaka,ST01,Online
C03938,2020-12-31,Chattogram,ST12,Online
C03939,2022-06-02,Khulna,ST12,Referral
C03940,2023-07-05,Dhaka,ST08,Walk-in
C03941,2021-06-16,,ST14,Walk-in
C03942,2024-06-13,,ST08,Walk-in
C03943,2024-08-11,Dhaka,ST14,Online
C03944,2021-06-06,Rajshahi,ST05,Walk-in
C03945,2025-04-08,Barishal,ST12,Walk-in
C03946,2019-05-21,Dhaka,ST16,Walk-in
C03947,2025-06-14,Dhaka,ST20,Social Media
C03948,2020-05-08,Barishal,ST08,Walk-in
C03949,2022-07-06,,ST10,Walk-in
C03950,2020-04-08,,ST10,Social Media
C03951,2021-07-15,Barishal,ST18,Online
C03952,2020-09-19,,ST20,Online
C03953,2023-08-22,Sylhet,ST13,Online
C03954,2018-08-26,Sylhet,ST17,Walk-in
C03955,2024-09-13,Khulna,ST02,Referral
C03956,2025-03-24,Sylhet,ST16,Walk-in
C03957,2022-07-02,Sylhet,ST17,Social Media
C03958,2022-05-18,Khulna,ST15,Walk-in
C03959,2023-08-06,Sylhet,ST12,Online
C03960,2019-08-05,Chattogram,ST18,Online
C03961,2023-12-30,Chattogram,ST14,Walk-in
C03962,2019-10-01,Chattogram,ST17,Walk-in
C03963,2023-05-30,,ST04,Referral
C03964,2020-06-11,Chattogram,ST14,Walk-in
C03965,2023-12-19,Chattogram,ST09,Social Media
C03966,2024-04-28,Khulna,ST18,Walk-in
C03967,2019-09-02,Chattogram,ST18,Online
C03968,2022-12-08,Dhaka,ST17,Online
C03969,2021-12-26,Dhaka,ST05,Walk-in
C03970,2020-05-08,Dhaka,ST10,Online
C03971,2022-09-14,,ST01,Online
C03972,2025-12-08,Chattogram,ST20,Online
C03973,2018-01-08,Dhaka,ST06,Online
C03974,2025-08-26,Khulna,ST13,Online
C03975,2024-11-04,Dhaka,ST10,Walk-in
C03976,2022-03-26,Dhaka,ST19,Walk-in
C03977,2022-11-17,Khulna,ST17,Walk-in
C03978,2020-12-14,Sylhet,ST16,Online
C03979,2019-01-13,Rajshahi,ST13,Social Media
C03980,2022-07-27,Khulna,ST03,Walk-in
C03981,2024-07-11,,ST19,Online
C03982,2019-11-06,Dhaka,ST02,Walk-in
C03983,2023-09-25,Rajshahi,ST10,Online
C03984,2023-12-25,Rajshahi,ST08,Online
C03985,2024-01-24,Dhaka,ST08,Online
C03986,2020-09-19,Barishal,ST20,Online
C03987,2021-02-18,Chattogram,ST05,Referral
C03988,2021-04-30,Khulna,ST12,Walk-in
C03989,2024-10-30,Sylhet,ST05,Online
C03990,2025-03-14,Chattogram,ST19,Walk-in
C03991,2021-04-23,Dhaka,ST15,Social Media
C03992,2025-10-03,Khulna,ST09,Referral
C03993,2022-07-24,Sylhet,ST02,Walk-in
C03994,2021-01-29,Dhaka,ST04,Walk-in
C03995,2018-01-02,Dhaka,ST05,Walk-in
C03996,2022-11-20,Rajshahi,ST09,Social Media
C03997,2023-02-27,Dhaka,ST18,Walk-in
C03998,2025-09-28,Sylhet,ST03,Online
C03999,2023-09-29,Rajshahi,ST12,Walk-in
C04000,2018-03-28,Dhaka,ST07,Online
C04001,2022-07-14,Sylhet,ST01,Online
C04002,2023-12-09,Dhaka,ST13,Walk-in
C04003,2021-12-20,,ST15,Referral
C04004,2021-06-07,,ST20,Walk-in
C04005,2024-06-23,Dhaka,ST11,Referral
C04006,2022-11-21,Chattogram,ST07,Walk-in
C04007,2023-06-13,Chattogram,ST18,Online
C04008,2021-09-17,Barishal,ST05,Walk-in
C04009,2020-03-22,Chattogram,ST14,Online
C04010,2022-02-24,Sylhet,ST19,Walk-in
C04011,2025-09-01,,ST01,Online
C04012,2022-10-26,Dhaka,ST19,Walk-in
C04013,2023-08-28,Sylhet,ST05,Walk-in
C04014,2018-12-29,,ST10,Referral
C04015,2025-11-24,Sylhet,ST06,Walk-in
C04016,2019-12-16,Chattogram,ST03,Walk-in
C04017,2025-10-07,Barishal,ST15,Online
C04018,2021-07-25,Chattogram,ST10,Walk-in
C04019,2025-05-07,Dhaka,ST11,Referral
C04020,2025-02-17,Khulna,ST10,Walk-in
C04021,2024-01-15,Khulna,ST15,Social Media
C04022,2025-04-29,,ST20,Referral
C04023,2022-11-15,Rajshahi,ST11,Walk-in
C04024,2024-10-14,Dhaka,ST04,Walk-in
C04025,2019-05-18,Sylhet,ST07,Online
C04026,2018-07-25,Dhaka,ST10,Referral
C04027,2022-05-06,Dhaka,ST03,Walk-in
C04028,2024-06-22,Barishal,ST05,Walk-in
C04029,2024-02-13,Rajshahi,ST05,Walk-in
C04030,2022-03-22,Dhaka,ST20,Referral
C04031,2022-03-01,Dhaka,ST09,Online
C04032,2022-11-16,Barishal,ST18,Walk-in
C04033,2024-12-10,Dhaka,ST12,Online
C04034,2024-09-24,Dhaka,ST11,Referral
C04035,2018-11-17,Dhaka,ST19,Social Media
C04036,2022-10-06,Dhaka,ST14,Walk-in
C04037,2021-01-17,,ST05,Walk-in
C04038,2024-05-23,Barishal,ST06,Walk-in
C04039,2022-01-17,Dhaka,ST14,Online
C04040,2025-12-04,Chattogram,ST01,Walk-in
C04041,2021-06-16,Rajshahi,ST04,Walk-in
C04042,2023-06-07,Sylhet,ST02,Referral
C04043,2018-11-14,Rajshahi,ST15,Online
C04044,2025-06-15,Sylhet,ST09,Walk-in
C04045,2019-03-25,Sylhet,ST01,Walk-in
C04046,2021-01-09,Sylhet,ST15,Walk-in
C04047,2024-09-11,Rajshahi,ST14,Walk-in
C04048,2025-09-25,Rajshahi,ST15,Walk-in
C04049,2021-11-15,Rajshahi,ST04,Walk-in
C04050,2021-11-16,Dhaka,ST18,Walk-in
C04051,2018-05-23,Rajshahi,ST04,Referral
C04052,2025-10-29,Rajshahi,ST12,Referral
C04053,2018-02-18,Dhaka,ST12,Walk-in
C04054,2018-03-18,Khulna,ST05,Online
C04055,2021-10-14,Dhaka,ST08,Walk-in
C04056,2018-01-11,Dhaka,ST02,Referral
C04057,2019-04-25,Khulna,ST10,Referral
C04058,2023-01-07,Dhaka,ST14,Online
C04059,2023-08-21,Chattogram,ST07,Online
C04060,2020-05-20,,ST11,Walk-in
C04061,2024-05-11,Khulna,ST20,Walk-in
C04062,2022-11-10,Chattogram,ST05,Walk-in
C04063,2019-10-29,Rajshahi,ST06,Walk-in
C04064,2023-09-12,Rajshahi,ST03,Online
C04065,2022-09-26,Sylhet,ST11,Walk-in
C04066,2024-06-29,,ST05,Walk-in
C04067,2019-03-27,Khulna,ST18,Online
C04068,2019-11-06,Chattogram,ST06,Referral
C04069,2020-06-05,Barishal,ST14,Online
C04070,2020-09-23,Chattogram,ST04,Online
C04071,2025-02-08,Dhaka,ST07,Referral
C04072,2023-11-10,Dhaka,ST04,Walk-in
C04073,2022-05-08,Sylhet,ST12,Online
C04074,2022-04-28,Dhaka,ST01,Walk-in
C04075,2025-01-30,Sylhet,ST02,Walk-in
C04076,2021-07-28,Chattogram,ST11,Social Media
C04077,2019-10-20,Chattogram,ST11,Walk-in
C04078,2019-02-04,Dhaka,ST07,Walk-in
C04079,2020-08-21,Khulna,ST09,Walk-in
C04080,2023-03-23,Chattogram,ST09,Social Media
C04081,2021-10-07,Dhaka,ST16,Referral
C04082,2021-05-16,Chattogram,ST09,Walk-in
C04083,2021-11-02,Chattogram,ST17,Online
C04084,2025-10-17,Sylhet,ST05,Walk-in
C04085,2025-12-23,Chattogram,ST04,Online
C04086,2019-04-16,Dhaka,ST09,Walk-in
C04087,2018-12-01,Khulna,ST02,Walk-in
C04088,2019-12-15,Chattogram,ST14,Online
C04089,2024-10-23,Dhaka,ST08,Social Media
C04090,2021-09-03,,ST08,Walk-in
C04091,2024-11-26,Sylhet,ST11,Walk-in
C04092,2023-03-04,Sylhet,ST02,Social Media
C04093,2022-06-04,Chattogram,ST08,Walk-in
C04094,2020-04-02,,ST20,Walk-in
C04095,2020-10-01,Chattogram,ST13,Online
C04096,2019-03-08,Dhaka,ST12,Walk-in
C04097,2022-02-25,Dhaka,ST11,Walk-in
C04098,2020-03-29,Barishal,ST10,Walk-in
C04099,2020-05-04,Sylhet,ST19,Walk-in
C04100,2018-04-26,Chattogram,ST19,Online
C04101,2024-05-22,,ST09,Referral
C04102,2025-07-05,Rajshahi,ST19,Walk-in
C04103,2021-12-25,Dhaka,ST02,Online
C04104,2022-04-15,Dhaka,ST07,Walk-in
C04105,2025-05-27,Dhaka,ST07,Walk-in
C04106,2022-02-02,Rajshahi,ST14,Online
C04107,2022-12-24,Sylhet,ST13,Walk-in
C04108,2021-06-04,Dhaka,ST10,Online
C04109,2022-02-10,Dhaka,ST06,Walk-in
C04110,2022-03-04,Sylhet,ST11,Online
C04111,2023-09-08,Sylhet,ST06,Social Media
C04112,2022-10-31,Rajshahi,ST10,Walk-in
C04113,2022-01-11,Dhaka,ST07,Social Media
C04114,2018-08-10,Rajshahi,ST18,Walk-in
C04115,2025-03-26,Barishal,ST15,Walk-in
C04116,2025-02-06,Sylhet,ST04,Walk-in
C04117,2019-06-23,Dhaka,ST19,Referral
C04118,2020-05-06,Rajshahi,ST14,Online
C04119,2025-10-13,,ST08,Social Media
C04120,2020-07-26,Dhaka,ST11,Online
C04121,2024-06-29,,ST04,Walk-in
C04122,2024-04-13,Khulna,ST01,Referral
C04123,2024-11-18,Chattogram,ST09,Social Media
C04124,2018-02-16,Khulna,ST16,Referral
C04125,2021-11-11,Chattogram,ST08,Online
C04126,2022-07-10,Chattogram,ST08,Referral
C04127,2024-09-10,Dhaka,ST20,Walk-in
C04128,2019-10-18,Sylhet,ST20,Social Media
C04129,2020-06-14,Dhaka,ST10,Social Media
C04130,2019-06-10,Chattogram,ST01,Online
C04131,2024-02-03,Dhaka,ST14,Walk-in
C04132,2025-12-26,Chattogram,ST15,Walk-in
C04133,2019-02-15,Chattogram,ST19,Social Media
C04134,2019-11-12,Dhaka,ST19,Referral
C04135,2020-06-15,Dhaka,ST13,Online
C04136,2025-02-08,Barishal,ST03,Social Media
C04137,2021-07-25,Dhaka,ST05,Online
C04138,2020-04-03,Dhaka,ST15,Referral
C04139,2020-07-30,Dhaka,ST13,Walk-in
C04140,2022-10-13,Chattogram,ST09,Walk-in
C04141,2021-02-04,Rajshahi,ST09,Online
C04142,2019-02-14,Dhaka,ST15,Walk-in
C04143,2024-07-22,Chattogram,ST09,Walk-in
C04144,2021-05-17,Sylhet,ST04,Referral
C04145,2020-01-20,Dhaka,ST20,Walk-in
C04146,2023-10-29,Barishal,ST07,Online
C04147,2023-12-17,Barishal,ST06,Walk-in
C04148,2019-03-29,Dhaka,ST02,Referral
C04149,2018-08-04,,ST10,Walk-in
C04150,2018-05-13,Dhaka,ST20,Online
C04151,2024-02-14,Dhaka,ST04,Online
C04152,2023-01-02,Chattogram,ST05,Walk-in
C04153,2024-05-01,Sylhet,ST04,Walk-in
C04154,2023-01-04,Chattogram,ST02,Walk-in
C04155,2021-03-18,Dhaka,ST13,Walk-in
C04156,2022-09-18,Dhaka,ST06,Walk-in
C04157,2023-10-11,Barishal,ST16,Walk-in
C04158,2021-03-10,Barishal,ST09,Online
C04159,2025-04-26,Dhaka,ST13,Walk-in
C04160,2025-03-11,Sylhet,ST02,Walk-in
C04161,2024-05-27,Chattogram,ST07,Walk-in
C04162,2025-12-07,Rajshahi,ST09,Walk-in
C04163,2021-02-14,Sylhet,ST02,Online
C04164,2018-11-30,Khulna,ST09,Online
C04165,2021-11-14,Dhaka,ST10,Online
C04166,2023-12-18,Dhaka,ST09,Walk-in
C04167,2024-03-25,Barishal,ST11,Walk-in
C04168,2021-02-08,Dhaka,ST16,Walk-in
C04169,2020-05-04,Dhaka,ST16,Online
C04170,2021-07-24,Rajshahi,ST01,Walk-in
C04171,2024-06-05,Rajshahi,ST13,Referral
C04172,2018-06-26,Rajshahi,ST19,Online
C04173,2020-08-15,Rajshahi,ST18,Online
C04174,2019-11-03,Rajshahi,ST07,Online
C04175,2024-06-11,Dhaka,ST16,Social Media
C04176,2021-10-03,Sylhet,ST17,Walk-in
C04177,2018-09-11,Rajshahi,ST08,Walk-in
C04178,2020-02-04,Khulna,ST18,Referral
C04179,2018-05-10,Dhaka,ST13,Online
C04180,2021-10-20,,ST16,Walk-in
C04181,2025-12-23,Rajshahi,ST15,Walk-in
C04182,2022-07-15,Dhaka,ST16,Walk-in
C04183,2024-12-13,Dhaka,ST20,Referral
C04184,2023-12-09,Khulna,ST18,Walk-in
C04185,2025-01-21,Chattogram,ST09,Walk-in
C04186,2020-06-27,Dhaka,ST12,Walk-in
C04187,2025-08-09,Dhaka,ST13,Social Media
C04188,2019-11-28,Dhaka,ST18,Online
C04189,2021-07-03,Rajshahi,ST08,Walk-in
C04190,2023-06-13,Chattogram,ST07,Social Media
C04191,2020-04-17,Dhaka,ST15,Walk-in
C04192,2020-02-12,Chattogram,ST20,Referral
C04193,2019-01-15,Dhaka,ST19,Online
C04194,2018-01-13,Dhaka,ST03,Walk-in
C04195,2022-01-03,Dhaka,ST19,Referral
C04196,2025-11-21,Chattogram,ST16,Social Media
C04197,2019-10-05,,ST04,Walk-in
C04198,2021-07-09,Dhaka,ST01,Walk-in
C04199,2025-06-24,Chattogram,ST05,Referral
C04200,2024-03-05,Chattogram,ST19,Walk-in
C04201,2018-01-12,,ST16,Online
C04202,2022-01-01,Dhaka,ST12,Walk-in
C04203,2019-02-23,Dhaka,ST13,Referral
C04204,2019-12-23,Chattogram,ST09,Online
C04205,2019-12-21,Rajshahi,ST19,Social Media
C04206,2022-11-24,Dhaka,ST04,Walk-in
C04207,2019-08-04,Rajshahi,ST07,Social Media
C04208,2020-01-06,Rajshahi,ST05,Online
C04209,2019-10-22,Dhaka,ST17,Online
C04210,2020-11-08,Dhaka,ST11,Online
C04211,2023-03-31,Dhaka,ST14,Walk-in
C04212,2021-03-13,Dhaka,ST19,Online
C04213,2020-08-14,Chattogram,ST04,Walk-in
C04214,2022-02-20,Dhaka,ST20,Walk-in
C04215,2022-12-01,,ST03,Online
C04216,2018-02-14,Chattogram,ST16,Walk-in
C04217,2025-02-12,Rajshahi,ST15,Online
C04218,2025-04-29,Rajshahi,ST17,Walk-in
C04219,2022-10-26,Chattogram,ST04,Walk-in
C04220,2022-08-05,Barishal,ST20,Online
C04221,2023-07-22,Barishal,ST16,Walk-in
C04222,2021-07-11,Chattogram,ST03,Social Media
C04223,2020-12-03,,ST12,Social Media
C04224,2020-10-26,Chattogram,ST17,Walk-in
C04225,2019-04-12,,ST10,Walk-in
C04226,2024-09-22,Chattogram,ST08,Walk-in
C04227,2020-07-25,Chattogram,ST06,Referral
C04228,2020-04-10,Chattogram,ST11,Walk-in
C04229,2025-09-16,Rajshahi,ST20,Social Media
C04230,2022-01-19,Dhaka,ST13,Social Media
C04231,2022-12-21,Chattogram,ST15,Walk-in
C04232,2019-12-18,Dhaka,ST16,Online
C04233,2020-03-21,Rajshahi,ST16,Walk-in
C04234,2023-10-28,Sylhet,ST09,Online
C04235,2021-08-09,Dhaka,ST16,Walk-in
C04236,2019-03-08,Sylhet,ST07,Online
C04237,2024-09-05,Dhaka,ST12,Walk-in
C04238,2021-03-22,Rajshahi,ST07,Referral
C04239,2023-05-06,Sylhet,ST19,Walk-in
C04240,2020-09-23,Chattogram,ST15,Online
C04241,2022-06-26,Rajshahi,ST12,Social Media
C04242,2024-03-14,Khulna,ST10,Online
C04243,2025-01-28,Rajshahi,ST11,Online
C04244,2019-08-29,Chattogram,ST16,Walk-in
C04245,2023-05-18,Rajshahi,ST06,Walk-in
C04246,2025-04-24,Chattogram,ST17,Walk-in
C04247,2023-02-20,Rajshahi,ST06,Social Media
C04248,2019-02-22,Khulna,ST03,Walk-in
C04249,2019-07-09,Dhaka,ST15,Walk-in
C04250,2019-08-16,Dhaka,ST15,Referral
C04251,2018-11-07,Dhaka,ST07,Walk-in
C04252,2024-01-10,Dhaka,ST13,Referral
C04253,2025-09-19,Chattogram,ST15,Walk-in
C04254,2022-02-18,Dhaka,ST16,Walk-in
C04255,2022-10-15,Sylhet,ST20,Online
C04256,2024-03-09,Dhaka,ST18,Online
C04257,2021-04-28,Dhaka,ST09,Social Media
C04258,2021-10-11,Sylhet,ST05,Walk-in
C04259,2022-09-16,Chattogram,ST02,Walk-in
C04260,2020-06-08,Chattogram,ST12,Walk-in
C04261,2018-06-30,Rajshahi,ST14,Walk-in
C04262,2022-07-16,Barishal,ST14,Online
C04263,2024-07-28,Sylhet,ST01,Walk-in
C04264,2018-08-02,Dhaka,ST15,Online
C04265,2019-09-25,Dhaka,ST16,Social Media
C04266,2020-02-07,Barishal,ST15,Walk-in
C04267,2024-06-07,Rajshahi,ST11,Online
C04268,2022-01-13,Rajshahi,ST01,Walk-in
C04269,2022-04-10,Rajshahi,ST10,Referral
C04270,2023-02-28,Dhaka,ST13,Walk-in
C04271,2020-03-18,Chattogram,ST12,Online
C04272,2023-09-15,Rajshahi,ST12,Walk-in
C04273,2018-03-30,Khulna,ST11,Walk-in
C04274,2018-11-29,Dhaka,ST12,Walk-in
C04275,2024-07-10,Sylhet,ST07,Walk-in
C04276,2023-04-06,Dhaka,ST13,Referral
C04277,2019-05-31,Barishal,ST06,Walk-in
C04278,2021-07-05,Dhaka,ST10,Social Media
C04279,2018-06-01,Rajshahi,ST09,Walk-in
C04280,2023-05-16,Dhaka,ST15,Walk-in
C04281,2024-01-17,Sylhet,ST18,Walk-in
C04282,2020-03-23,Sylhet,ST13,Walk-in
C04283,2020-10-19,Dhaka,ST03,Referral
C04284,2019-11-23,,ST14,Walk-in
C04285,2021-02-10,Khulna,ST07,Referral
C04286,2020-03-06,Khulna,ST01,Walk-in
C04287,2019-12-23,Dhaka,ST04,Walk-in
C04288,2021-06-10,Rajshahi,ST20,Walk-in
C04289,2024-11-13,Sylhet,ST09,Online
C04290,2024-02-06,Sylhet,ST05,Online
C04291,2020-05-18,Chattogram,ST03,Social Media
C04292,2025-07-16,Sylhet,ST14,Walk-in
C04293,2019-09-06,Dhaka,ST16,Walk-in
C04294,2025-04-13,Chattogram,ST08,Referral
C04295,2020-06-22,Dhaka,ST03,Online
C04296,2022-04-27,,ST08,Referral
C04297,2019-08-17,Dhaka,ST14,Walk-in
C04298,2024-02-04,Dhaka,ST03,Online
C04299,2020-07-16,Rajshahi,ST06,Walk-in
C04300,2024-12-22,Chattogram,ST01,Social Media
C04301,2018-08-31,Dhaka,ST10,Walk-in
C04302,2022-01-05,Rajshahi,ST04,Referral
C04303,2019-04-08,,ST04,Walk-in
C04304,2025-02-08,Khulna,ST03,Referral
C04305,2021-05-02,Khulna,ST15,Referral
C04306,2023-05-24,Barishal,ST10,Referral
C04307,2025-01-12,Sylhet,ST19,Walk-in
C04308,2022-04-14,Barishal,ST08,Walk-in
C04309,2018-06-17,Barishal,ST05,Referral
C04310,2019-10-07,,ST05,Online
C04311,2019-09-14,Khulna,ST20,Online
C04312,2025-04-23,Rajshahi,ST12,Walk-in
C04313,2025-04-06,Rajshahi,ST07,Walk-in
C04314,2021-10-24,Khulna,ST14,Walk-in
C04315,2025-02-11,,ST12,Online
C04316,2019-12-20,Chattogram,ST03,Walk-in
C04317,2023-06-07,Sylhet,ST15,Walk-in
C04318,2021-02-18,Rajshahi,ST03,Referral
C04319,2019-12-04,,ST04,Online
C04320,2020-01-01,Khulna,ST15,Referral
C04321,2021-05-10,Rajshahi,ST09,Walk-in
C04322,2020-09-18,Barishal,ST05,Walk-in
C04323,2019-09-09,Dhaka,ST02,Online
C04324,2020-09-02,Barishal,ST12,Walk-in
C04325,2019-01-11,Dhaka,ST14,Online
C04326,2025-10-02,Sylhet,ST05,Walk-in
C04327,2021-01-14,Dhaka,ST09,Online
C04328,2018-11-10,Sylhet,ST07,Walk-in
C04329,2022-08-09,Chattogram,ST18,Online
C04330,2025-01-22,Dhaka,ST16,Referral
C04331,2020-11-17,Sylhet,ST06,Walk-in
C04332,2024-10-04,Rajshahi,ST11,Walk-in
C04333,2022-11-19,Dhaka,ST19,Walk-in
C04334,2023-11-29,Rajshahi,ST07,Online
C04335,2020-05-15,Dhaka,ST03,Walk-in
C04336,2018-04-18,Dhaka,ST06,Walk-in
C04337,2020-10-06,,ST13,Referral
C04338,2025-05-23,Sylhet,ST20,Online
C04339,2024-04-27,,ST07,Online
C04340,2024-04-08,Sylhet,ST02,Walk-in
C04341,2025-01-08,Khulna,ST04,Social Media
C04342,2020-12-25,Sylhet,ST09,Walk-in
C04343,2020-07-29,Rajshahi,ST02,Walk-in
C04344,2025-05-25,Barishal,ST01,Online
C04345,2022-07-27,Chattogram,ST14,Walk-in
C04346,2020-05-20,Dhaka,ST17,Online
C04347,2020-03-23,Dhaka,ST05,Walk-in
C04348,2025-01-05,Sylhet,ST11,Walk-in
C04349,2018-06-05,Chattogram,ST12,Online
C04350,2018-06-30,Dhaka,ST14,Walk-in
C04351,2023-11-25,Khulna,ST20,Online
C04352,2018-01-04,Barishal,ST18,Online
C04353,2019-05-15,Dhaka,ST07,Walk-in
C04354,2025-12-02,Dhaka,ST20,Online
C04355,2021-05-28,Dhaka,ST01,Referral
C04356,2023-10-26,Chattogram,ST20,Referral
C04357,2021-11-23,Khulna,ST03,Walk-in
C04358,2018-09-22,Sylhet,ST03,Online
C04359,2019-06-23,Dhaka,ST03,Social Media
C04360,2024-02-01,Chattogram,ST03,Online
C04361,2018-10-04,Dhaka,ST10,Walk-in
C04362,2022-10-03,Chattogram,ST13,Walk-in
C04363,2020-10-13,Chattogram,ST15,Online
C04364,2020-12-17,Sylhet,ST01,Referral
C04365,2025-08-12,Chattogram,ST06,Social Media
C04366,2022-11-05,Khulna,ST03,Social Media
C04367,2022-12-02,Dhaka,ST03,Walk-in
C04368,2020-10-20,Rajshahi,ST15,Online
C04369,2021-01-18,Dhaka,ST13,Walk-in
C04370,2023-06-26,Dhaka,ST05,Walk-in
C04371,2018-04-24,Khulna,ST07,Walk-in
C04372,2019-11-24,Rajshahi,ST19,Social Media
C04373,2022-10-19,Dhaka,ST12,Walk-in
C04374,2022-12-26,Chattogram,ST05,Walk-in
C04375,2018-09-27,Rajshahi,ST19,Walk-in
C04376,2024-04-19,Barishal,ST04,Walk-in
C04377,2022-05-04,Sylhet,ST06,Online
C04378,2019-11-26,Dhaka,ST14,Walk-in
C04379,2024-01-05,,ST11,Walk-in
C04380,2025-12-03,Dhaka,ST02,Walk-in
C04381,2021-05-21,Dhaka,ST17,Referral
C04382,2020-04-07,Sylhet,ST05,Online
C04383,2020-05-24,Rajshahi,ST14,Referral
C04384,2022-09-27,Dhaka,ST07,Walk-in
C04385,2018-05-19,Rajshahi,ST16,Walk-in
C04386,2021-11-12,Rajshahi,ST18,Walk-in
C04387,2018-03-14,Rajshahi,ST16,Social Media
C04388,2018-04-23,,ST19,Walk-in
C04389,2021-06-09,Chattogram,ST11,Walk-in
C04390,2023-12-17,Dhaka,ST02,Social Media
C04391,2025-01-23,,ST11,Social Media
C04392,2018-09-13,,ST10,Walk-in
C04393,2019-12-14,Dhaka,ST15,Referral
C04394,2021-05-16,Dhaka,ST05,Walk-in
C04395,2022-08-04,Dhaka,ST14,Walk-in
C04396,2025-11-22,Khulna,ST09,Walk-in
C04397,2023-06-22,Rajshahi,ST14,Social Media
C04398,2022-04-22,Dhaka,ST09,Walk-in
C04399,2018-06-27,Barishal,ST08,Referral
C04400,2018-08-24,Dhaka,ST05,Walk-in
C04401,2019-03-24,Chattogram,ST17,Online
C04402,2023-04-14,Khulna,ST02,Online
C04403,2020-08-25,Chattogram,ST05,Referral
C04404,2019-12-05,Dhaka,ST09,Social Media
C04405,2023-05-11,,ST04,Referral
C04406,2024-07-08,Chattogram,ST19,Online
C04407,2021-07-05,,ST07,Walk-in
C04408,2025-01-19,Chattogram,ST05,Social Media
C04409,2023-11-14,Chattogram,ST06,Walk-in
C04410,2023-09-23,Dhaka,ST04,Walk-in
C04411,2024-12-08,Chattogram,ST14,Online
C04412,2019-06-21,Dhaka,ST10,Walk-in
C04413,2024-01-24,Khulna,ST05,Online
C04414,2025-08-28,Rajshahi,ST18,Walk-in
C04415,2025-12-07,Chattogram,ST14,Walk-in
C04416,2022-08-15,Rajshahi,ST09,Social Media
C04417,2024-01-12,Dhaka,ST11,Social Media
C04418,2025-02-07,Dhaka,ST14,Walk-in
C04419,2024-10-24,Chattogram,ST04,Social Media
C04420,2025-03-06,Chattogram,ST17,Walk-in
C04421,2024-08-27,Rajshahi,ST06,Walk-in
C04422,2021-01-18,,ST01,Social Media
C04423,2023-11-03,Chattogram,ST11,Online
C04424,2021-04-13,Chattogram,ST18,Referral
C04425,2024-05-30,Sylhet,ST15,Walk-in
C04426,2024-06-23,Dhaka,ST07,Walk-in
C04427,2025-06-22,,ST08,Walk-in
C04428,2022-09-14,Barishal,ST12,Social Media
C04429,2021-10-19,Khulna,ST05,Walk-in
C04430,2019-04-29,,ST17,Walk-in
C04431,2023-02-07,Dhaka,ST06,Walk-in
C04432,2022-07-12,Dhaka,ST05,Online
C04433,2022-02-12,Chattogram,ST02,Walk-in
C04434,2023-05-29,Barishal,ST14,Referral
C04435,2024-10-21,Dhaka,ST01,Online
C04436,2019-03-11,Dhaka,ST17,Walk-in
C04437,2021-06-13,Dhaka,ST20,Walk-in
C04438,2023-10-11,Rajshahi,ST03,Walk-in
C04439,2024-07-21,Rajshahi,ST02,Online
C04440,2024-03-22,Rajshahi,ST19,Referral
C04441,2024-05-23,Dhaka,ST03,Walk-in
C04442,2024-11-01,Rajshahi,ST09,Online
C04443,2025-09-09,Chattogram,ST18,Walk-in
C04444,2022-11-11,Dhaka,ST03,Referral
C04445,2019-12-28,Dhaka,ST14,Social Media
C04446,2022-07-04,Chattogram,ST08,Referral
C04447,2023-09-04,Dhaka,ST09,Walk-in
C04448,2018-10-22,Barishal,ST19,Walk-in
C04449,2024-01-20,Chattogram,ST13,Social Media
C04450,2022-05-09,Chattogram,ST07,Walk-in
C04451,2025-06-26,Rajshahi,ST19,Online
C04452,2019-09-11,Sylhet,ST12,Social Media
C04453,2025-04-02,,ST02,Referral
C04454,2021-08-01,Sylhet,ST08,Online
C04455,2022-08-02,Dhaka,ST05,Online
C04456,2023-04-12,,ST13,Social Media
C04457,2022-08-19,Rajshahi,ST18,Walk-in
C04458,2025-03-24,Sylhet,ST01,Social Media
C04459,2019-05-04,Chattogram,ST16,Walk-in
C04460,2023-11-02,Dhaka,ST19,Referral
C04461,2025-10-17,Chattogram,ST20,Social Media
C04462,2019-10-05,Dhaka,ST14,Online
C04463,2020-01-15,,ST07,Walk-in
C04464,2021-10-19,Chattogram,ST03,Walk-in
C04465,2023-10-18,Khulna,ST19,Referral
C04466,2025-09-01,Chattogram,ST09,Online
C04467,2024-05-12,Khulna,ST07,Walk-in
C04468,2024-05-07,Dhaka,ST15,Referral
C04469,2021-07-12,Dhaka,ST15,Social Media
C04470,2023-02-28,Dhaka,ST17,Referral
C04471,2019-09-09,Dhaka,ST18,Online
C04472,2021-09-14,Khulna,ST18,Social Media
C04473,2019-07-06,Rajshahi,ST04,Referral
C04474,2018-03-21,Sylhet,ST04,Walk-in
C04475,2024-11-05,Chattogram,ST05,Social Media
C04476,2024-06-07,Sylhet,ST13,Online
C04477,2022-01-31,Sylhet,ST12,Social Media
C04478,2018-02-12,Khulna,ST18,Referral
C04479,2018-09-21,Sylhet,ST17,Online
C04480,2018-11-23,Rajshahi,ST17,Walk-in
C04481,2023-09-25,Dhaka,ST02,Walk-in
C04482,2019-08-18,Barishal,ST14,Walk-in
C04483,2020-01-01,Dhaka,ST18,Online
C04484,2024-11-19,Chattogram,ST20,Referral
C04485,2025-01-03,,ST07,Walk-in
C04486,2024-02-07,Dhaka,ST16,Walk-in
C04487,2020-06-22,Dhaka,ST09,Online
C04488,2022-08-21,Chattogram,ST04,Walk-in
C04489,2019-08-08,Chattogram,ST07,Walk-in
C04490,2024-11-10,,ST06,Walk-in
C04491,2018-09-05,Khulna,ST19,Online
C04492,2023-12-14,Chattogram,ST04,Online
C04493,2022-02-02,,ST03,Referral
C04494,2024-01-21,Sylhet,ST12,Walk-in
C04495,2021-08-09,Khulna,ST12,Walk-in
C04496,2019-04-07,Dhaka,ST12,Referral
C04497,2024-01-03,Chattogram,ST03,Social Media
C04498,2023-01-17,Dhaka,ST10,Walk-in
C04499,2021-09-18,Dhaka,ST19,Referral
C04500,2020-12-24,Rajshahi,ST02,Referral
C04501,2020-09-30,Dhaka,ST16,Social Media
C04502,2021-11-05,Chattogram,ST03,Walk-in
C04503,2020-02-04,Rajshahi,ST05,Walk-in
C04504,2020-04-04,Dhaka,ST18,Walk-in
C04505,2020-03-23,Chattogram,ST06,Referral
C04506,2018-02-07,Rajshahi,ST11,Referral
C04507,2025-06-02,Khulna,ST08,Walk-in
C04508,2019-11-22,Dhaka,ST13,Walk-in
C04509,2019-04-28,Barishal,ST09,Walk-in
C04510,2019-03-18,Khulna,ST09,Online
C04511,2025-11-25,Sylhet,ST17,Social Media
C04512,2021-10-24,Chattogram,ST12,Walk-in
C04513,2020-08-12,Rajshahi,ST12,Online
C04514,2021-03-25,Khulna,ST17,Online
C04515,2018-09-16,Dhaka,ST09,Referral
C04516,2020-07-04,,ST17,Referral
C04517,2019-12-28,Khulna,ST15,Walk-in
C04518,2024-06-03,Chattogram,ST18,Online
C04519,2018-06-20,Rajshahi,ST10,Referral
C04520,2021-05-27,Chattogram,ST12,Social Media
C04521,2024-04-25,Rajshahi,ST03,Online
C04522,2024-08-31,Khulna,ST03,Walk-in
C04523,2022-02-05,Dhaka,ST03,Online
C04524,2019-10-12,Dhaka,ST13,Online
C04525,2020-09-11,Dhaka,ST07,Walk-in
C04526,2019-10-12,Khulna,ST06,Social Media
C04527,2023-04-18,Chattogram,ST13,Walk-in
C04528,2020-05-04,Khulna,ST08,Social Media
C04529,2023-01-16,Chattogram,ST03,Walk-in
C04530,2023-03-30,Dhaka,ST12,Walk-in
C04531,2025-07-07,Khulna,ST12,Online
C04532,2020-12-17,Sylhet,ST03,Online
C04533,2025-09-07,Chattogram,ST06,Referral
C04534,2021-03-16,Dhaka,ST05,Online
C04535,2023-06-11,Dhaka,ST14,Walk-in
C04536,2023-04-16,Dhaka,ST05,Social Media
C04537,2024-07-16,,ST01,Online
C04538,2021-10-01,,ST06,Walk-in
C04539,2024-05-02,Dhaka,ST10,Referral
C04540,2020-11-03,Dhaka,ST16,Walk-in
C04541,2021-12-05,Dhaka,ST02,Walk-in
C04542,2021-12-30,Chattogram,ST18,Online
C04543,2023-08-20,Barishal,ST07,Online
C04544,2022-12-11,Chattogram,ST07,Online
C04545,2018-08-17,Dhaka,ST01,Social Media
C04546,2024-06-20,Sylhet,ST06,Walk-in
C04547,2024-01-23,Khulna,ST10,Social Media
C04548,2018-11-02,Rajshahi,ST13,Walk-in
C04549,2025-09-09,Khulna,ST16,Walk-in
C04550,2023-04-14,Barishal,ST11,Walk-in
C04551,2018-09-06,Sylhet,ST03,Walk-in
C04552,2021-12-05,Barishal,ST08,Walk-in
C04553,2024-09-07,,ST15,Referral
C04554,2020-03-28,Khulna,ST13,Referral
C04555,2025-06-17,Khulna,ST12,Online
C04556,2021-05-06,Khulna,ST11,Walk-in
C04557,2019-10-23,Chattogram,ST11,Referral
C04558,2020-11-06,Rajshahi,ST20,Walk-in
C04559,2022-03-13,Dhaka,ST12,Online
C04560,2023-07-03,Sylhet,ST12,Online
C04561,2025-06-02,Chattogram,ST07,Walk-in
C04562,2019-07-24,Sylhet,ST10,Online
C04563,2025-09-04,Rajshahi,ST15,Social Media
C04564,2022-03-21,Dhaka,ST18,Walk-in
C04565,2019-01-09,Dhaka,ST16,Online
C04566,2025-05-29,,ST14,Social Media
C04567,2020-10-16,Sylhet,ST16,Walk-in
C04568,2022-12-18,Rajshahi,ST01,Walk-in
C04569,2023-08-01,Rajshahi,ST06,Walk-in
C04570,2018-02-09,Dhaka,ST05,Referral
C04571,2019-10-09,Khulna,ST14,Walk-in
C04572,2023-06-28,Rajshahi,ST16,Walk-in
C04573,2020-08-06,Dhaka,ST03,Walk-in
C04574,2018-01-28,Dhaka,ST04,Social Media
C04575,2018-03-10,Chattogram,ST10,Referral
C04576,2024-08-10,Chattogram,ST20,Online
C04577,2019-03-25,,ST01,Social Media
C04578,2018-10-21,Dhaka,ST18,Online
C04579,2022-07-01,Dhaka,ST04,Social Media
C04580,2018-12-14,Dhaka,ST06,Walk-in
C04581,2023-03-23,Dhaka,ST13,Walk-in
C04582,2022-05-08,Khulna,ST15,Referral
C04583,2023-03-10,Chattogram,ST18,Walk-in
C04584,2021-12-06,Chattogram,ST01,Walk-in
C04585,2024-03-22,Sylhet,ST01,Referral
C04586,2023-02-26,Chattogram,ST10,Online
C04587,2021-04-27,Dhaka,ST12,Walk-in
C04588,2018-02-14,Dhaka,ST06,Walk-in
C04589,2020-03-09,Dhaka,ST13,Walk-in
C04590,2019-01-19,Sylhet,ST06,Walk-in
C04591,2018-02-15,Chattogram,ST19,Walk-in
C04592,2020-03-08,Chattogram,ST04,Online
C04593,2019-08-27,Sylhet,ST14,Referral
C04594,2018-08-13,Barishal,ST11,Walk-in
C04595,2020-07-01,Dhaka,ST03,Walk-in
C04596,2022-01-19,Chattogram,ST13,Online
C04597,2019-06-05,Chattogram,ST03,Walk-in
C04598,2020-03-08,Rajshahi,ST11,Walk-in
C04599,2018-02-28,Rajshahi,ST13,Walk-in
C04600,2018-05-28,Rajshahi,ST02,Online
C04601,2019-04-05,Dhaka,ST05,Walk-in
C04602,2021-08-15,Chattogram,ST06,Walk-in
C04603,2023-04-30,Khulna,ST19,Online
C04604,2024-04-20,Chattogram,ST05,Referral
C04605,2023-01-13,Barishal,ST19,Online
C04606,2022-12-07,Chattogram,ST11,Social Media
C04607,2025-06-25,Chattogram,ST19,Online
C04608,2020-01-17,Chattogram,ST17,Walk-in
C04609,2024-05-19,Chattogram,ST06,Walk-in
C04610,2025-06-28,Khulna,ST12,Walk-in
C04611,2022-07-16,Dhaka,ST15,Walk-in
C04612,2024-09-20,Sylhet,ST02,Walk-in
C04613,2019-02-06,Sylhet,ST14,Walk-in
C04614,2025-01-10,Khulna,ST10,Online
C04615,2022-07-06,Sylhet,ST01,Online
C04616,2019-10-09,Barishal,ST18,Walk-in
C04617,2018-06-29,Khulna,ST06,Online
C04618,2023-10-04,Dhaka,ST18,Walk-in
C04619,2021-06-12,Khulna,ST05,Online
C04620,2020-06-24,Barishal,ST11,Online
C04621,2021-02-13,Dhaka,ST08,Walk-in
C04622,2025-12-03,Sylhet,ST18,Walk-in
C04623,2021-06-03,Dhaka,ST20,Social Media
C04624,2018-08-19,Sylhet,ST16,Online
C04625,2020-03-28,Dhaka,ST17,Online
C04626,2019-03-01,,ST16,Walk-in
C04627,2023-06-26,Chattogram,ST06,Walk-in
C04628,2024-05-26,Sylhet,ST19,Walk-in
C04629,2024-09-21,Dhaka,ST11,Social Media
C04630,2023-01-23,Rajshahi,ST07,Walk-in
C04631,2024-02-23,Chattogram,ST04,Walk-in
C04632,2021-05-03,,ST15,Social Media
C04633,2023-01-08,Dhaka,ST06,Walk-in
C04634,2018-11-09,Dhaka,ST14,Walk-in
C04635,2022-04-21,Chattogram,ST02,Online
C04636,2022-06-16,Barishal,ST13,Walk-in
C04637,2018-04-01,Dhaka,ST13,Social Media
C04638,2022-05-21,Rajshahi,ST11,Walk-in
C04639,2023-10-12,Dhaka,ST14,Referral
C04640,2020-12-09,Rajshahi,ST20,Walk-in
C04641,2022-05-11,Dhaka,ST17,Referral
C04642,2020-04-15,Chattogram,ST09,Referral
C04643,2020-03-01,Chattogram,ST18,Referral
C04644,2019-01-14,Dhaka,ST20,Referral
C04645,2020-08-15,Dhaka,ST04,Online
C04646,2024-06-03,Chattogram,ST08,Walk-in
C04647,2025-06-24,,ST15,Walk-in
C04648,2023-01-31,Barishal,ST11,Walk-in
C04649,2022-12-29,Chattogram,ST03,Walk-in
C04650,2022-11-28,Khulna,ST10,Walk-in
C04651,2021-10-21,Chattogram,ST08,Online
C04652,2021-05-20,Dhaka,ST15,Online
C04653,2022-12-19,Dhaka,ST11,Social Media
C04654,2024-04-09,Chattogram,ST03,Walk-in
C04655,2021-04-23,,ST01,Referral
C04656,2022-07-11,Khulna,ST06,Online
C04657,2021-10-04,Rajshahi,ST04,Social Media
C04658,2020-04-13,Sylhet,ST18,Referral
C04659,2020-04-27,Chattogram,ST06,Walk-in
C04660,2018-08-19,,ST13,Walk-in
C04661,2021-07-08,,ST03,Social Media
C04662,2023-09-12,Dhaka,ST09,Online
C04663,2023-06-25,Dhaka,ST19,Referral
C04664,2025-11-18,Dhaka,ST13,Referral
C04665,2018-04-27,Dhaka,ST06,Online
C04666,2024-01-31,,ST15,Referral
C04667,2024-05-10,Dhaka,ST11,Social Media
C04668,2021-06-28,Dhaka,ST05,Social Media
C04669,2020-04-06,Khulna,ST20,Walk-in
C04670,2020-11-08,Barishal,ST19,Walk-in
C04671,2023-06-17,Chattogram,ST12,Walk-in
C04672,2024-11-22,Chattogram,ST01,Walk-in
C04673,2023-02-20,Rajshahi,ST09,Referral
C04674,2022-02-10,,ST11,Referral
C04675,2023-03-21,,ST19,Walk-in
C04676,2018-07-26,Dhaka,ST15,Walk-in
C04677,2022-11-11,Chattogram,ST05,Online
C04678,2018-05-04,Barishal,ST11,Referral
C04679,2025-09-01,Rajshahi,ST04,Online
C04680,2025-02-09,Barishal,ST10,Walk-in
C04681,2022-01-24,Rajshahi,ST11,Walk-in
C04682,2020-12-28,Sylhet,ST11,Online
C04683,2023-11-09,Rajshahi,ST09,Online
C04684,2023-02-05,Sylhet,ST09,Referral
C04685,2023-08-22,,ST16,Social Media
C04686,2022-02-14,Dhaka,ST11,Walk-in
C04687,2019-11-21,Chattogram,ST01,Walk-in
C04688,2018-08-02,Dhaka,ST15,Walk-in
C04689,2020-04-07,Chattogram,ST13,Walk-in
C04690,2022-03-25,Dhaka,ST14,Walk-in
C04691,2021-05-23,Sylhet,ST15,Walk-in
C04692,2022-01-18,Dhaka,ST04,Walk-in
C04693,2020-03-21,Dhaka,ST20,Referral
C04694,2025-07-01,Chattogram,ST20,Walk-in
C04695,2020-12-06,Dhaka,ST03,Referral
C04696,2024-10-06,Barishal,ST05,Walk-in
C04697,2021-02-15,Chattogram,ST05,Walk-in
C04698,2021-07-19,Chattogram,ST20,Walk-in
C04699,2022-10-30,Dhaka,ST19,Walk-in
C04700,2020-02-08,Khulna,ST06,Walk-in
C04701,2019-10-05,Sylhet,ST13,Referral
C04702,2021-01-12,Chattogram,ST05,Social Media
C04703,2024-06-06,Dhaka,ST01,Walk-in
C04704,2019-02-27,Rajshahi,ST05,Walk-in
C04705,2021-07-01,Barishal,ST02,Walk-in
C04706,2023-05-17,Chattogram,ST17,Referral
C04707,2023-08-25,Dhaka,ST16,Walk-in
C04708,2021-06-22,Dhaka,ST04,Walk-in
C04709,2018-08-26,Dhaka,ST12,Referral
C04710,2018-02-16,Rajshahi,ST05,Referral
C04711,2021-10-04,Barishal,ST12,Online
C04712,2024-06-23,Barishal,ST18,Walk-in
C04713,2018-03-24,Rajshahi,ST18,Walk-in
C04714,2025-02-04,Dhaka,ST17,Walk-in
C04715,2023-05-28,Barishal,ST05,Online
C04716,2018-01-24,Dhaka,ST04,Referral
C04717,2020-09-30,Dhaka,ST04,Walk-in
C04718,2019-10-06,,ST03,Referral
C04719,2025-08-03,Dhaka,ST13,Walk-in
C04720,2022-06-08,Khulna,ST14,Referral
C04721,2020-08-04,Barishal,ST18,Walk-in
C04722,2020-03-22,Rajshahi,ST02,Walk-in
C04723,2022-07-05,Rajshahi,ST06,Walk-in
C04724,2018-01-15,Chattogram,ST15,Online
C04725,2020-01-22,Dhaka,ST14,Walk-in
C04726,2019-04-28,Rajshahi,ST09,Walk-in
C04727,2022-12-16,Sylhet,ST04,Referral
C04728,2023-05-09,Khulna,ST10,Online
C04729,2021-09-25,Dhaka,ST04,Online
C04730,2019-02-13,Dhaka,ST11,Online
C04731,2020-12-18,Chattogram,ST19,Online
C04732,2024-09-27,Rajshahi,ST04,Online
C04733,2019-08-18,Rajshahi,ST03,Walk-in
C04734,2019-04-23,Barishal,ST15,Walk-in
C04735,2018-11-22,Dhaka,ST01,Walk-in
C04736,2024-07-12,Chattogram,ST20,Walk-in
C04737,2018-12-17,Dhaka,ST16,Walk-in
C04738,2022-08-26,,ST09,Walk-in
C04739,2025-12-27,Chattogram,ST08,Walk-in
C04740,2023-02-18,Sylhet,ST08,Referral
C04741,2021-04-18,Chattogram,ST08,Online
C04742,2019-08-27,Chattogram,ST17,Online
C04743,2018-01-06,Sylhet,ST16,Social Media
C04744,2019-03-31,Khulna,ST05,Walk-in
C04745,2025-08-14,Dhaka,ST04,Walk-in
C04746,2019-02-24,Dhaka,ST11,Walk-in
C04747,2018-02-28,Rajshahi,ST14,Online
C04748,2024-07-10,Rajshahi,ST15,Walk-in
C04749,2021-05-07,Khulna,ST07,Referral
C04750,2020-11-08,Dhaka,ST10,Walk-in
C04751,2023-09-27,Chattogram,ST03,Walk-in
C04752,2022-03-08,Khulna,ST10,Online
C04753,2025-04-24,Chattogram,ST14,Walk-in
C04754,2021-09-27,Chattogram,ST07,Online
C04755,2023-09-13,Barishal,ST07,Online
C04756,2025-01-10,Dhaka,ST10,Referral
C04757,2021-09-15,Rajshahi,ST18,Online
C04758,2020-04-10,Khulna,ST13,Walk-in
C04759,2025-10-16,Dhaka,ST19,Walk-in
C04760,2019-10-25,Rajshahi,ST02,Online
C04761,2018-04-25,Chattogram,ST17,Walk-in
C04762,2022-08-16,Khulna,ST01,Walk-in
C04763,2025-11-21,Khulna,ST07,Walk-in
C04764,2018-09-10,Khulna,ST09,Online
C04765,2024-10-16,Dhaka,ST05,Walk-in
C04766,2024-08-21,Rajshahi,ST20,Social Media
C04767,2025-06-05,Barishal,ST18,Walk-in
C04768,2021-05-15,Sylhet,ST12,Walk-in
C04769,2020-01-14,Sylhet,ST10,Walk-in
C04770,2022-02-04,Dhaka,ST16,Walk-in
C04771,2019-02-20,Khulna,ST15,Walk-in
C04772,2024-09-27,Dhaka,ST10,Online
C04773,2023-04-21,Dhaka,ST17,Walk-in
C04774,2021-11-12,Barishal,ST04,Walk-in
C04775,2022-02-15,Barishal,ST06,Walk-in
C04776,2023-09-11,Barishal,ST01,Walk-in
C04777,2022-03-08,Chattogram,ST03,Social Media
C04778,2024-09-18,Dhaka,ST04,Walk-in
C04779,2025-05-23,Chattogram,ST13,Referral
C04780,2025-08-05,Dhaka,ST18,Walk-in
C04781,2022-12-16,Khulna,ST12,Walk-in
C04782,2023-12-09,Sylhet,ST09,Referral
C04783,2020-06-27,Chattogram,ST06,Walk-in
C04784,2018-04-22,Dhaka,ST03,Referral
C04785,2021-03-14,,ST12,Walk-in
C04786,2024-12-20,Khulna,ST03,Walk-in
C04787,2019-01-25,Rajshahi,ST16,Social Media
C04788,2022-05-13,Dhaka,ST09,Walk-in
C04789,2019-07-16,Dhaka,ST08,Social Media
C04790,2021-06-07,Chattogram,ST01,Social Media
C04791,2019-02-23,Dhaka,ST05,Walk-in
C04792,2023-11-16,Barishal,ST01,Walk-in
C04793,2024-06-24,Sylhet,ST15,Referral
C04794,2024-01-24,Dhaka,ST10,Walk-in
C04795,2023-08-21,Rajshahi,ST16,Online
C04796,2019-11-18,Chattogram,ST12,Walk-in
C04797,2022-03-29,Dhaka,ST20,Walk-in
C04798,2018-11-02,Sylhet,ST16,Online
C04799,2020-12-29,,ST03,Online
C04800,2022-01-16,Chattogram,ST03,Online
C04801,2023-05-07,Khulna,ST18,Online
C04802,2018-10-10,Barishal,ST06,Walk-in
C04803,2024-07-01,Dhaka,ST16,Walk-in
C04804,2021-09-02,Sylhet,ST13,Walk-in
C04805,2025-01-17,Dhaka,ST15,Walk-in
C04806,2022-03-21,Sylhet,ST06,Walk-in
C04807,2022-05-17,,ST07,Online
C04808,2023-07-16,Sylhet,ST12,Walk-in
C04809,2024-07-22,,ST01,Walk-in
C04810,2019-04-06,Barishal,ST07,Online
C04811,2022-02-02,Khulna,ST11,Walk-in
C04812,2018-03-29,,ST05,Social Media
C04813,2021-10-17,,ST06,Walk-in
C04814,2024-07-03,Dhaka,ST20,Walk-in
C04815,2024-12-02,Rajshahi,ST06,Referral
C04816,2020-04-07,Dhaka,ST19,Online
C04817,2021-02-02,Dhaka,ST19,Referral
C04818,2022-05-30,Rajshahi,ST14,Walk-in
C04819,2021-03-02,Chattogram,ST04,Walk-in
C04820,2019-06-04,Chattogram,ST05,Online
C04821,2020-06-09,Chattogram,ST19,Walk-in
C04822,2021-03-25,Dhaka,ST01,Online
C04823,2022-02-23,Dhaka,ST11,Walk-in
C04824,2025-05-12,,ST12,Walk-in
C04825,2022-05-10,Sylhet,ST17,Walk-in
C04826,2021-02-04,Dhaka,ST18,Referral
C04827,2023-04-13,Chattogram,ST06,Walk-in
C04828,2024-03-07,,ST11,Social Media
C04829,2021-06-11,Sylhet,ST13,Walk-in
C04830,2021-11-29,Khulna,ST20,Walk-in
C04831,2019-09-29,Chattogram,ST12,Walk-in
C04832,2024-11-30,Chattogram,ST03,Online
C04833,2024-12-06,Sylhet,ST19,Referral
C04834,2019-05-26,Dhaka,ST11,Walk-in
C04835,2020-10-07,Dhaka,ST04,Walk-in
C04836,2020-03-05,Dhaka,ST04,Online
C04837,2025-05-18,Khulna,ST05,Walk-in
C04838,2018-07-10,Dhaka,ST15,Online
C04839,2019-08-29,Sylhet,ST19,Online
C04840,2020-07-08,Sylhet,ST09,Walk-in
C04841,2022-06-24,Chattogram,ST02,Online
C04842,2019-12-29,Khulna,ST18,Online
C04843,2022-04-16,Rajshahi,ST13,Walk-in
C04844,2023-12-22,Dhaka,ST12,Walk-in
C04845,2024-08-16,Rajshahi,ST02,Walk-in
C04846,2018-10-17,Chattogram,ST20,Referral
C04847,2019-02-10,Dhaka,ST02,Online
C04848,2018-10-05,Rajshahi,ST13,Walk-in
C04849,2025-04-11,Rajshahi,ST12,Walk-in
C04850,2023-03-20,Dhaka,ST11,Walk-in
C04851,2022-04-01,,ST12,Walk-in
C04852,2024-04-28,Sylhet,ST08,Walk-in
C04853,2022-09-08,Sylhet,ST12,Walk-in
C04854,2019-11-19,Dhaka,ST08,Walk-in
C04855,2022-01-29,Dhaka,ST10,Online
C04856,2023-08-16,Chattogram,ST14,Online
C04857,2018-04-16,Sylhet,ST15,Walk-in
C04858,2022-11-06,Chattogram,ST04,Online
C04859,2021-12-22,Rajshahi,ST20,Walk-in
C04860,2018-07-22,Dhaka,ST02,Walk-in
C04861,2020-02-09,Rajshahi,ST06,Social Media
C04862,2021-08-02,Khulna,ST07,Online
C04863,2020-09-27,Rajshahi,ST07,Walk-in
C04864,2020-04-26,Rajshahi,ST08,Walk-in
C04865,2023-03-11,Khulna,ST07,Online
C04866,2021-03-26,Dhaka,ST09,Walk-in
C04867,2021-12-24,Rajshahi,ST16,Social Media
C04868,2024-05-20,Barishal,ST17,Walk-in
C04869,2018-09-30,Sylhet,ST07,Walk-in
C04870,2020-11-16,Dhaka,ST06,Online
C04871,2018-08-02,Barishal,ST14,Online
C04872,2025-05-31,Dhaka,ST02,Walk-in
C04873,2019-06-27,Dhaka,ST09,Social Media
C04874,2024-07-22,Dhaka,ST05,Social Media
C04875,2019-07-12,Chattogram,ST13,Walk-in
C04876,2020-08-04,Chattogram,ST02,Walk-in
C04877,2022-11-12,Chattogram,ST17,Walk-in
C04878,2024-08-24,Barishal,ST06,Online
C04879,2019-06-04,Chattogram,ST11,Online
C04880,2019-09-15,Chattogram,ST12,Walk-in
C04881,2025-01-18,Khulna,ST10,Social Media
C04882,2020-07-29,Khulna,ST09,Walk-in
C04883,2019-09-05,Dhaka,ST06,Referral
C04884,2023-12-12,Dhaka,ST16,Referral
C04885,2018-09-24,Sylhet,ST11,Walk-in
C04886,2024-12-06,Khulna,ST05,Walk-in
C04887,2025-01-01,Sylhet,ST06,Walk-in
C04888,2024-11-06,Dhaka,ST09,Social Media
C04889,2020-05-12,Rajshahi,ST17,Walk-in
C04890,2018-11-30,Sylhet,ST20,Referral
C04891,2021-05-27,Sylhet,ST08,Walk-in
C04892,2020-09-03,Khulna,ST08,Walk-in
C04893,2025-09-01,Rajshahi,ST03,Social Media
C04894,2023-01-19,Sylhet,ST11,Walk-in
C04895,2025-07-20,Sylhet,ST05,Online
C04896,2024-01-02,Sylhet,ST17,Walk-in
C04897,2023-09-19,Chattogram,ST11,Walk-in
C04898,2018-11-23,,ST05,Walk-in
C04899,2018-07-21,Rajshahi,ST19,Walk-in
C04900,2018-05-16,Sylhet,ST17,Online
C04901,2022-09-29,Chattogram,ST07,Walk-in
C04902,2019-08-12,Dhaka,ST03,Walk-in
C04903,2025-11-28,Rajshahi,ST06,Walk-in
C04904,2019-01-23,Sylhet,ST08,Online
C04905,2025-07-27,Dhaka,ST09,Referral
C04906,2023-05-04,Chattogram,ST17,Online
C04907,2018-11-06,Dhaka,ST20,Social Media
C04908,2018-06-20,Barishal,ST15,Walk-in
C04909,2021-03-02,Khulna,ST17,Walk-in
C04910,2020-09-16,Sylhet,ST03,Online
C04911,2020-07-10,Chattogram,ST03,Walk-in
C04912,2022-03-24,Rajshahi,ST19,Online
C04913,2019-01-14,Chattogram,ST13,Referral
C04914,2019-01-14,Barishal,ST05,Walk-in
C04915,2023-07-22,Dhaka,ST16,Social Media
C04916,2025-12-01,Dhaka,ST04,Walk-in
C04917,2020-03-10,Sylhet,ST16,Online
C04918,2025-06-14,Dhaka,ST18,Walk-in
C04919,2020-10-04,Sylhet,ST10,Online
C04920,2020-09-07,Rajshahi,ST14,Walk-in
C04921,2018-09-21,Dhaka,ST15,Social Media
C04922,2021-05-21,Chattogram,ST18,Social Media
C04923,2021-12-25,,ST12,Online
C04924,2023-04-23,Khulna,ST06,Online
C04925,2019-04-07,Chattogram,ST05,Online
C04926,2019-07-05,Dhaka,ST08,Online
C04927,2021-06-15,Sylhet,ST02,Online
C04928,2018-07-23,Chattogram,ST14,Online
C04929,2019-02-23,Rajshahi,ST08,Referral
C04930,2023-01-11,Sylhet,ST15,Online
C04931,2025-08-17,Dhaka,ST02,Walk-in
C04932,2022-08-01,Rajshahi,ST07,Social Media
C04933,2019-02-28,Chattogram,ST08,Walk-in
C04934,2025-12-03,Dhaka,ST02,Walk-in
C04935,2022-03-04,Sylhet,ST17,Social Media
C04936,2023-09-25,Barishal,ST12,Walk-in
C04937,2019-07-30,Rajshahi,ST17,Walk-in
C04938,2022-08-17,Dhaka,ST17,Online
C04939,2018-08-11,Rajshahi,ST01,Referral
C04940,2023-01-02,Dhaka,ST18,Walk-in
C04941,2019-08-14,,ST02,Walk-in
C04942,2025-04-09,Chattogram,ST18,Walk-in
C04943,2018-06-09,Dhaka,ST14,Walk-in
C04944,2023-03-21,Dhaka,ST17,Walk-in
C04945,2019-02-12,Barishal,ST10,Walk-in
C04946,2023-06-30,Dhaka,ST04,Social Media
C04947,2021-12-11,Khulna,ST03,Online
C04948,2025-09-26,Sylhet,ST03,Referral
C04949,2023-03-19,Chattogram,ST17,Social Media
C04950,2020-12-22,Dhaka,ST11,Social Media
C04951,2018-09-13,Dhaka,ST05,Online
C04952,2022-10-06,Dhaka,ST03,Walk-in
C04953,2021-07-11,Sylhet,ST02,Referral
C04954,2018-06-03,Barishal,ST06,Online
C04955,2022-08-25,Khulna,ST15,Walk-in
C04956,2019-09-06,Dhaka,ST18,Walk-in
C04957,2019-11-15,Dhaka,ST13,Walk-in
C04958,2018-01-27,Dhaka,ST20,Walk-in
C04959,2020-12-22,Barishal,ST08,Referral
C04960,2019-09-30,,ST07,Walk-in
C04961,2018-07-29,Dhaka,ST14,Walk-in
C04962,2021-06-22,Sylhet,ST03,Walk-in
C04963,2019-10-05,Sylhet,ST19,Referral
C04964,2019-01-27,Dhaka,ST16,Walk-in
C04965,2021-09-24,Rajshahi,ST01,Walk-in
C04966,2018-07-04,Dhaka,ST04,Referral
C04967,2025-12-02,Dhaka,ST13,Referral
C04968,2021-10-07,,ST15,Online
C04969,2025-12-19,Chattogram,ST05,Online
C04970,2025-01-17,Barishal,ST15,Walk-in
C04971,2025-10-31,Chattogram,ST10,Social Media
C04972,2022-05-04,Rajshahi,ST14,Online
C04973,2021-05-20,Dhaka,ST09,Online
C04974,2023-10-04,Rajshahi,ST10,Walk-in
C04975,2018-08-24,Barishal,ST08,Online
C04976,2024-09-19,Chattogram,ST04,Walk-in
C04977,2020-08-02,Barishal,ST04,Walk-in
C04978,2018-01-22,Sylhet,ST04,Online
C04979,2019-11-26,Rajshahi,ST17,Referral
C04980,2019-12-09,Dhaka,ST09,Walk-in
C04981,2018-02-11,Sylhet,ST08,Referral
C04982,2023-05-07,Chattogram,ST18,Walk-in
C04983,2018-10-06,Barishal,ST18,Online
C04984,2024-10-08,Khulna,ST05,Walk-in
C04985,2021-08-16,Chattogram,ST08,Walk-in
C04986,2023-09-29,Barishal,ST09,Referral
C04987,2020-09-18,Khulna,ST17,Walk-in
C04988,2019-01-21,,ST14,Social Media
C04989,2019-06-11,Dhaka,ST11,Walk-in
C04990,2023-03-01,Dhaka,ST05,Online
C04991,2023-09-23,Dhaka,ST08,Walk-in
C04992,2020-02-21,Dhaka,ST01,Online
C04993,2020-11-08,,ST15,Social Media
C04994,2025-07-22,Dhaka,ST19,Online
C04995,2024-10-23,Rajshahi,ST16,Walk-in
C04996,2021-04-21,Sylhet,ST07,Referral
C04997,2019-12-05,Sylhet,ST10,Online
C04998,2020-05-29,Dhaka,ST20,Walk-in
C04999,2022-04-22,Sylhet,ST09,Online
C05000,2022-07-14,Sylhet,ST17,Online
C05001,2019-06-22,Sylhet,ST12,Referral
C05002,2018-07-12,Dhaka,ST10,Walk-in
C05003,2021-12-17,Rajshahi,ST12,Walk-in
C05004,2024-05-17,Dhaka,ST05,Social Media
C05005,2019-03-22,,ST09,Online
C05006,2021-04-07,Chattogram,ST07,Online
C05007,2019-04-17,Dhaka,ST16,Social Media
C05008,2019-12-09,Khulna,ST13,Walk-in
C05009,2022-11-23,Dhaka,ST08,Walk-in
C05010,2020-04-15,Barishal,ST17,Referral
C05011,2020-02-10,Khulna,ST10,Online
C05012,2025-12-17,Chattogram,ST20,Social Media
C05013,2019-05-19,Dhaka,ST13,Online
C05014,2019-07-07,Dhaka,ST18,Walk-in
C05015,2025-06-07,,ST20,Walk-in
C05016,2022-05-26,Sylhet,ST07,Walk-in
C05017,2018-05-06,Dhaka,ST06,Social Media
C05018,2021-05-25,,ST17,Walk-in
C05019,2022-07-09,Dhaka,ST05,Online
C05020,2020-01-10,Sylhet,ST16,Walk-in
C05021,2022-05-20,Chattogram,ST04,Walk-in
C05022,2023-03-09,Dhaka,ST18,Walk-in
C05023,2020-01-02,,ST14,Online
C05024,2024-06-30,Dhaka,ST11,Walk-in
C05025,2021-08-15,Chattogram,ST09,Social Media
C05026,2025-09-14,Sylhet,ST13,Social Media
C05027,2018-09-14,Barishal,ST08,Walk-in
C05028,2020-08-04,Chattogram,ST08,Referral
C05029,2023-10-08,Khulna,ST05,Walk-in
C05030,2025-02-26,Chattogram,ST04,Walk-in
C05031,2019-10-10,Khulna,ST18,Walk-in
C05032,2025-11-02,Dhaka,ST15,Referral
C05033,2019-07-19,Rajshahi,ST09,Online
C05034,2021-04-30,Dhaka,ST17,Walk-in
C05035,2020-07-08,Barishal,ST13,Online
C05036,2021-05-24,Barishal,ST12,Online
C05037,2025-03-19,Chattogram,ST03,Online
C05038,2023-11-10,Chattogram,ST11,Online
C05039,2024-05-14,Sylhet,ST03,Referral
C05040,2020-01-12,Dhaka,ST14,Online
C05041,2025-07-27,Rajshahi,ST02,Walk-in
C05042,2021-06-25,Rajshahi,ST11,Referral
C05043,2023-03-19,Chattogram,ST08,Walk-in
C05044,2023-07-31,Dhaka,ST03,Online
C05045,2023-04-20,Khulna,ST10,Online
C05046,2022-10-24,,ST05,Walk-in
C05047,2021-11-02,Sylhet,ST05,Walk-in
C05048,2023-03-07,Dhaka,ST18,Online
C05049,2025-03-28,Dhaka,ST07,Referral
C05050,2021-02-12,Dhaka,ST09,Referral
C05051,2022-01-31,Chattogram,ST01,Online
C05052,2019-06-10,,ST07,Walk-in
C05053,2020-11-02,Chattogram,ST08,Walk-in
C05054,2024-03-04,Rajshahi,ST15,Referral
C05055,2023-02-13,Rajshahi,ST03,Walk-in
C05056,2019-09-09,Dhaka,ST19,Online
C05057,2022-05-14,Dhaka,ST03,Walk-in
C05058,2024-06-28,Sylhet,ST14,Walk-in
C05059,2018-12-29,Sylhet,ST01,Online
C05060,2018-06-30,Sylhet,ST17,Online
C05061,2021-02-20,Dhaka,ST14,Online
C05062,2023-04-02,Khulna,ST17,Walk-in
C05063,2020-07-03,Dhaka,ST19,Referral
C05064,2024-07-25,Sylhet,ST17,Walk-in
C05065,2024-10-08,Dhaka,ST13,Referral
C05066,2022-04-04,Sylhet,ST17,Online
C05067,2021-01-11,Chattogram,ST02,Walk-in
C05068,2018-05-02,Rajshahi,ST13,Online
C05069,2024-07-26,Dhaka,ST20,Online
C05070,2025-02-27,,ST08,Online
C05071,2021-07-15,Dhaka,ST20,Online
C05072,2022-02-17,,ST11,Walk-in
C05073,2024-01-10,Dhaka,ST10,Social Media
C05074,2023-07-24,Dhaka,ST07,Walk-in
C05075,2019-01-31,Rajshahi,ST03,Walk-in
C05076,2023-05-18,Dhaka,ST18,Referral
C05077,2025-05-23,,ST15,Walk-in
C05078,2024-01-02,Khulna,ST09,Social Media
C05079,2021-11-04,Khulna,ST20,Walk-in
C05080,2022-03-08,Khulna,ST04,Walk-in
C05081,2020-01-29,Dhaka,ST16,Walk-in
C05082,2023-04-14,Chattogram,ST10,Walk-in
C05083,2019-12-07,Rajshahi,ST13,Walk-in
C05084,2020-09-25,Dhaka,ST01,Walk-in
C05085,2020-02-14,Rajshahi,ST13,Walk-in
C05086,2020-09-06,Dhaka,ST14,Walk-in
C05087,2020-12-06,Khulna,ST20,Walk-in
C05088,2018-08-31,Sylhet,ST07,Walk-in
C05089,2023-09-27,Chattogram,ST02,Walk-in
C05090,2021-07-11,Chattogram,ST02,Walk-in
C05091,2025-08-04,Dhaka,ST03,Walk-in
C05092,2019-06-13,Dhaka,ST06,Walk-in
C05093,2023-05-08,Rajshahi,ST17,Walk-in
C05094,2019-06-08,Chattogram,ST04,Walk-in
C05095,2022-05-17,,ST03,Social Media
C05096,2021-12-04,Dhaka,ST01,Walk-in
C05097,2021-08-02,Rajshahi,ST08,Walk-in
C05098,2023-03-27,Chattogram,ST13,Online
C05099,2024-08-15,Dhaka,ST06,Walk-in
C05100,2020-07-13,Barishal,ST10,Walk-in
C05101,2024-10-16,Chattogram,ST05,Referral
C05102,2019-06-24,Chattogram,ST17,Online
C05103,2020-05-05,Barishal,ST01,Social Media
C05104,2020-06-26,Chattogram,ST05,Social Media
C05105,2025-08-15,Barishal,ST12,Online
C05106,2018-12-13,Rajshahi,ST17,Online
C05107,2021-02-27,Sylhet,ST09,Walk-in
C05108,2021-05-24,Dhaka,ST02,Referral
C05109,2024-05-25,Dhaka,ST12,Online
C05110,2021-11-19,Chattogram,ST06,Walk-in
C05111,2025-09-24,Dhaka,ST07,Walk-in
C05112,2023-12-02,Dhaka,ST19,Online
C05113,2023-08-17,Sylhet,ST19,Online
C05114,2024-01-08,,ST06,Referral
C05115,2019-04-17,Dhaka,ST12,Walk-in
C05116,2021-08-04,Rajshahi,ST11,Referral
C05117,2022-09-08,Barishal,ST20,Walk-in
C05118,2019-09-01,Rajshahi,ST19,Online
C05119,2018-12-13,Rajshahi,ST08,Walk-in
C05120,2019-02-01,Rajshahi,ST01,Walk-in
C05121,2024-04-23,Dhaka,ST01,Walk-in
C05122,2023-04-03,Chattogram,ST01,Walk-in
C05123,2020-04-01,Barishal,ST16,Walk-in
C05124,2023-11-23,Sylhet,ST15,Referral
C05125,2023-07-24,Rajshahi,ST17,Walk-in
C05126,2024-07-12,Barishal,ST03,Online
C05127,2025-04-11,Dhaka,ST02,Online
C05128,2025-01-20,Dhaka,ST04,Walk-in
C05129,2019-06-13,Sylhet,ST13,Referral
C05130,2024-02-25,Dhaka,ST01,Referral
C05131,2021-02-21,Sylhet,ST14,Referral
C05132,2021-03-23,Khulna,ST18,Referral
C05133,2023-03-05,Sylhet,ST03,Online
C05134,2022-10-25,Dhaka,ST15,Social Media
C05135,2021-05-10,Rajshahi,ST12,Walk-in
C05136,2025-12-28,Dhaka,ST19,Walk-in
C05137,2019-05-26,Khulna,ST05,Online
C05138,2018-10-10,,ST05,Walk-in
C05139,2018-03-26,Khulna,ST01,Online
C05140,2024-07-05,Chattogram,ST15,Walk-in
C05141,2021-04-02,,ST18,Walk-in
C05142,2021-07-01,Chattogram,ST01,Referral
C05143,2023-03-11,Dhaka,ST10,Walk-in
C05144,2021-06-25,Chattogram,ST15,Walk-in
C05145,2022-08-04,Khulna,ST16,Online
C05146,2018-06-20,Khulna,ST19,Referral
C05147,2019-04-02,Dhaka,ST15,Referral
C05148,2025-06-14,Rajshahi,ST19,Walk-in
C05149,2021-08-09,Khulna,ST20,Referral
C05150,2019-05-04,Khulna,ST19,Online
C05151,2020-12-14,Chattogram,ST09,Referral
C05152,2020-09-04,Dhaka,ST09,Walk-in
C05153,2020-03-11,Barishal,ST09,Walk-in
C05154,2020-05-07,Chattogram,ST20,Online
C05155,2023-10-31,Chattogram,ST06,Online
C05156,2018-11-08,Rajshahi,ST16,Walk-in
C05157,2020-06-23,Dhaka,ST13,Online
C05158,2021-09-28,Khulna,ST02,Online
C05159,2022-04-27,Dhaka,ST10,Walk-in
C05160,2025-01-15,Rajshahi,ST04,Online
C05161,2025-05-19,Barishal,ST15,Walk-in
C05162,2020-05-18,,ST09,Referral
C05163,2022-04-24,Barishal,ST08,Online
C05164,2018-03-07,Khulna,ST02,Online
C05165,2022-12-07,Dhaka,ST03,Social Media
C05166,2019-03-23,Barishal,ST16,Online
C05167,2018-08-02,Barishal,ST18,Walk-in
C05168,2023-05-16,Chattogram,ST06,Online
C05169,2019-06-05,Chattogram,ST17,Social Media
C05170,2021-10-25,Dhaka,ST12,Walk-in
C05171,2018-10-22,Sylhet,ST08,Online
C05172,2023-12-18,,ST10,Walk-in
C05173,2024-02-12,Chattogram,ST14,Referral
C05174,2022-08-06,Chattogram,ST19,Online
C05175,2024-09-06,Sylhet,ST10,Social Media
C05176,2021-06-29,Dhaka,ST07,Online
C05177,2019-06-29,Barishal,ST16,Walk-in
C05178,2019-03-18,Dhaka,ST11,Online
C05179,2019-10-03,Dhaka,ST08,Social Media
C05180,2019-08-08,Dhaka,ST10,Walk-in
C05181,2020-08-01,,ST11,Walk-in
C05182,2019-09-18,Khulna,ST03,Online
C05183,2022-09-22,Dhaka,ST02,Online
C05184,2019-03-10,Dhaka,ST14,Walk-in
C05185,2022-12-21,Chattogram,ST04,Walk-in
C05186,2020-09-02,Dhaka,ST11,Walk-in
C05187,2023-06-29,Rajshahi,ST16,Online
C05188,2022-02-06,Dhaka,ST05,Walk-in
C05189,2025-03-28,Chattogram,ST08,Walk-in
C05190,2021-07-08,Chattogram,ST20,Referral
C05191,2020-05-11,Chattogram,ST01,Walk-in
C05192,2022-09-17,Chattogram,ST16,Online
C05193,2023-04-08,Dhaka,ST04,Walk-in
C05194,2021-07-06,Dhaka,ST19,Walk-in
C05195,2022-06-23,Dhaka,ST09,Online
C05196,2021-10-06,,ST01,Online
C05197,2020-06-12,Barishal,ST15,Social Media
C05198,2020-07-04,Dhaka,ST03,Walk-in
C05199,2025-04-03,Dhaka,ST08,Walk-in
C05200,2023-05-26,Dhaka,ST11,Walk-in
C05201,2018-10-06,Rajshahi,ST15,Online
C05202,2025-09-10,Barishal,ST09,Walk-in
C05203,2023-09-11,Rajshahi,ST18,Referral
C05204,2018-05-27,Sylhet,ST10,Referral
C05205,2023-10-27,Khulna,ST07,Walk-in
C05206,2022-09-18,Chattogram,ST07,Walk-in
C05207,2025-04-26,Khulna,ST17,Walk-in
C05208,2021-11-29,Rajshahi,ST14,Online
C05209,2022-02-23,Dhaka,ST03,Online
C05210,2020-07-07,Chattogram,ST16,Referral
C05211,2020-07-28,Dhaka,ST09,Online
C05212,2022-12-10,Dhaka,ST07,Walk-in
C05213,2024-08-14,Khulna,ST02,Walk-in
C05214,2025-02-13,Dhaka,ST20,Walk-in
C05215,2024-02-29,Rajshahi,ST02,Social Media
C05216,2022-11-16,Barishal,ST20,Referral
C05217,2021-12-31,Chattogram,ST02,Referral
C05218,2020-09-18,Chattogram,ST11,Referral
C05219,2024-02-21,Sylhet,ST03,Walk-in
C05220,2020-07-17,Khulna,ST10,Online
C05221,2020-02-22,Dhaka,ST17,Online
C05222,2024-12-09,Dhaka,ST12,Walk-in
C05223,2022-09-18,Sylhet,ST11,Walk-in
C05224,2020-10-31,Barishal,ST03,Online
C05225,2024-12-01,Dhaka,ST19,Referral
C05226,2025-09-12,Chattogram,ST08,Walk-in
C05227,2020-07-17,Barishal,ST11,Referral
C05228,2022-03-03,Dhaka,ST18,Social Media
C05229,2021-11-12,Dhaka,ST13,Social Media
C05230,2023-08-11,Sylhet,ST15,Walk-in
C05231,2025-08-09,Dhaka,ST04,Walk-in
C05232,2022-05-21,Dhaka,ST10,Online
C05233,2024-05-19,Sylhet,ST11,Walk-in
C05234,2022-10-06,Sylhet,ST04,Walk-in
C05235,2025-02-03,Chattogram,ST08,Referral
C05236,2021-03-27,Chattogram,ST17,Walk-in
C05237,2021-01-29,Sylhet,ST19,Walk-in
C05238,2021-05-18,Sylhet,ST17,Social Media
C05239,2025-12-19,Khulna,ST19,Walk-in
C05240,2022-11-21,Rajshahi,ST20,Social Media
C05241,2019-03-22,Sylhet,ST04,Walk-in
C05242,2018-04-30,Khulna,ST18,Walk-in
C05243,2022-02-23,Khulna,ST13,Walk-in
C05244,2024-06-10,Dhaka,ST18,Walk-in
C05245,2021-10-31,Barishal,ST13,Walk-in
C05246,2022-06-24,Khulna,ST03,Referral
C05247,2024-05-20,Dhaka,ST12,Social Media
C05248,2022-02-16,Dhaka,ST16,Walk-in
C05249,2025-04-07,Sylhet,ST03,Walk-in
C05250,2023-02-06,Chattogram,ST11,Online
C05251,2023-11-05,Rajshahi,ST14,Walk-in
C05252,2024-03-31,,ST10,Walk-in
C05253,2023-01-05,Dhaka,ST16,Walk-in
C05254,2018-05-27,Dhaka,ST03,Walk-in
C05255,2021-06-02,Khulna,ST07,Online
C05256,2019-02-18,Dhaka,ST20,Walk-in
C05257,2022-01-30,Rajshahi,ST11,Online
C05258,2019-02-23,Dhaka,ST04,Walk-in
C05259,2022-01-27,Chattogram,ST03,Walk-in
C05260,2020-10-01,Chattogram,ST12,Online
C05261,2018-03-01,Dhaka,ST19,Walk-in
C05262,2018-12-31,Sylhet,ST01,Referral
C05263,2022-01-08,Rajshahi,ST03,Online
C05264,2018-08-19,Dhaka,ST08,Referral
C05265,2024-11-04,Chattogram,ST05,Walk-in
C05266,2024-01-25,Rajshahi,ST03,Walk-in
C05267,2023-09-03,Rajshahi,ST06,Walk-in
C05268,2019-05-18,Chattogram,ST13,Online
C05269,2024-05-12,Rajshahi,ST17,Online
C05270,2023-01-28,,ST07,Walk-in
C05271,2021-02-14,Dhaka,ST15,Walk-in
C05272,2018-01-02,Sylhet,ST17,Walk-in
C05273,2022-03-25,Rajshahi,ST01,Walk-in
C05274,2024-05-13,Khulna,ST18,Walk-in
C05275,2018-04-08,Dhaka,ST04,Online
C05276,2018-06-03,Chattogram,ST14,Social Media
C05277,2021-01-23,Sylhet,ST16,Walk-in
C05278,2022-02-02,Dhaka,ST17,Walk-in
C05279,2021-10-17,Chattogram,ST09,Walk-in
C05280,2021-05-29,,ST14,Walk-in
C05281,2020-01-16,Dhaka,ST01,Online
C05282,2018-06-24,Chattogram,ST09,Walk-in
C05283,2018-04-02,Dhaka,ST20,Social Media
C05284,2018-10-16,Khulna,ST04,Referral
C05285,2023-07-09,Dhaka,ST04,Walk-in
C05286,2024-04-14,,ST15,Social Media
C05287,2021-06-24,Dhaka,ST11,Online
C05288,2018-08-15,Dhaka,ST10,Social Media
C05289,2021-04-28,Dhaka,ST05,Walk-in
C05290,2025-11-18,Sylhet,ST04,Social Media
C05291,2019-12-31,Dhaka,ST15,Walk-in
C05292,2021-12-05,Dhaka,ST08,Walk-in
C05293,2022-04-20,Dhaka,ST16,Social Media
C05294,2020-08-21,Chattogram,ST09,Walk-in
C05295,2021-07-03,Dhaka,ST08,Walk-in
C05296,2021-10-09,Sylhet,ST05,Walk-in
C05297,2021-10-16,Rajshahi,ST14,Walk-in
C05298,2023-09-27,Rajshahi,ST06,Walk-in
C05299,2022-08-24,Dhaka,ST19,Walk-in
C05300,2018-06-05,Khulna,ST09,Online
C05301,2018-01-19,Rajshahi,ST17,Referral
C05302,2021-04-14,Dhaka,ST10,Walk-in
C05303,2025-04-04,Chattogram,ST09,Referral
C05304,2018-04-18,Rajshahi,ST10,Online
C05305,2018-07-27,Dhaka,ST09,Referral
C05306,2023-06-07,Chattogram,ST10,Referral
C05307,2021-08-09,,ST18,Social Media
C05308,2019-11-05,Dhaka,ST15,Walk-in
C05309,2019-08-29,Barishal,ST01,Online
C05310,2023-04-26,Dhaka,ST02,Social Media
C05311,2022-03-10,Dhaka,ST01,Online
C05312,2023-02-07,Dhaka,ST14,Walk-in
C05313,2020-03-29,Chattogram,ST05,Online
C05314,2022-03-18,Khulna,ST08,Referral
C05315,2024-11-16,Khulna,ST17,Walk-in
C05316,2020-07-13,Khulna,ST03,Online
C05317,2021-03-03,Chattogram,ST04,Referral
C05318,2019-04-24,Chattogram,ST02,Online
C05319,2023-02-09,Chattogram,ST06,Walk-in
C05320,2018-04-05,Dhaka,ST02,Online
C05321,2019-12-28,Khulna,ST13,Online
C05322,2023-09-14,Chattogram,ST15,Walk-in
C05323,2018-02-26,Chattogram,ST04,Online
C05324,2025-11-28,Chattogram,ST11,Walk-in
C05325,2021-03-26,Rajshahi,ST07,Referral
C05326,2021-03-10,Dhaka,ST02,Referral
C05327,2022-04-16,Rajshahi,ST10,Referral
C05328,2023-02-10,Rajshahi,ST14,Online
C05329,2021-09-03,Khulna,ST05,Walk-in
C05330,2025-01-26,Dhaka,ST16,Online
C05331,2025-09-10,Dhaka,ST20,Walk-in
C05332,2019-08-09,,ST02,Online
C05333,2023-08-26,Khulna,ST04,Walk-in
C05334,2020-05-28,Barishal,ST06,Online
C05335,2025-12-17,,ST17,Online
C05336,2020-01-10,Dhaka,ST03,Walk-in
C05337,2020-05-11,,ST10,Walk-in
C05338,2023-09-17,Sylhet,ST11,Walk-in
C05339,2024-04-23,Dhaka,ST03,Walk-in
C05340,2019-01-11,Sylhet,ST01,Walk-in
C05341,2022-06-11,Khulna,ST03,Referral
C05342,2020-10-06,Chattogram,ST02,Referral
C05343,2022-11-22,Chattogram,ST11,Social Media
C05344,2022-06-14,Dhaka,ST19,Walk-in
C05345,2025-11-18,Dhaka,ST08,Walk-in
C05346,2025-06-19,Rajshahi,ST06,Walk-in
C05347,2023-03-25,Chattogram,ST05,Online
C05348,2023-06-07,Dhaka,ST20,Online
C05349,2025-03-09,Dhaka,ST20,Referral
C05350,2019-06-20,Dhaka,ST13,Walk-in
C05351,2023-10-21,Sylhet,ST10,Online
C05352,2024-03-04,Sylhet,ST04,Social Media
C05353,2019-01-07,Chattogram,ST19,Walk-in
C05354,2025-01-17,Chattogram,ST01,Referral
C05355,2023-08-05,Dhaka,ST04,Online
C05356,2020-10-10,Chattogram,ST14,Walk-in
C05357,2021-11-15,Dhaka,ST04,Social Media
C05358,2021-11-30,Barishal,ST03,Referral
C05359,2025-05-06,Dhaka,ST12,Referral
C05360,2025-10-01,Chattogram,ST01,Walk-in
C05361,2024-06-13,Dhaka,ST06,Walk-in
C05362,2023-03-20,Rajshahi,ST13,Online
C05363,2018-11-01,Dhaka,ST04,Walk-in
C05364,2025-04-25,Barishal,ST16,Walk-in
C05365,2019-01-27,Dhaka,ST02,Walk-in
C05366,2019-05-03,Khulna,ST13,Walk-in
C05367,2018-07-23,,ST02,Online
C05368,2025-07-30,Dhaka,ST15,Online
C05369,2021-12-11,Dhaka,ST16,Walk-in
C05370,2019-11-21,,ST16,Online
C05371,2018-08-24,Khulna,ST06,Walk-in
C05372,2021-04-18,Khulna,ST05,Walk-in
C05373,2023-10-15,Dhaka,ST20,Walk-in
C05374,2025-12-14,Chattogram,ST15,Walk-in
C05375,2022-06-01,Dhaka,ST04,Walk-in
C05376,2022-11-08,,ST01,Online
C05377,2024-09-06,Sylhet,ST08,Walk-in
C05378,2025-03-18,Dhaka,ST14,Online
C05379,2020-03-28,Dhaka,ST08,Walk-in
C05380,2025-12-06,Khulna,ST17,Online
C05381,2022-02-24,,ST11,Online
C05382,2025-06-09,Rajshahi,ST20,Walk-in
C05383,2018-12-10,Dhaka,ST18,Online
C05384,2018-10-12,Khulna,ST10,Referral
C05385,2025-01-27,Sylhet,ST17,Walk-in
C05386,2023-05-18,Chattogram,ST09,Online
C05387,2019-05-27,Dhaka,ST01,Referral
C05388,2025-02-26,Khulna,ST07,Walk-in
C05389,2018-10-26,Chattogram,ST09,Social Media
C05390,2023-06-16,Khulna,ST20,Walk-in
C05391,2019-08-22,,ST17,Online
C05392,2018-07-26,Rajshahi,ST03,Referral
C05393,2024-06-12,,ST01,Social Media
C05394,2024-10-10,Barishal,ST11,Online
C05395,2018-11-05,Dhaka,ST11,Online
C05396,2018-09-29,Dhaka,ST15,Walk-in
C05397,2022-11-30,Rajshahi,ST06,Walk-in
C05398,2018-03-25,Chattogram,ST17,Referral
C05399,2023-12-19,Sylhet,ST09,Walk-in
C05400,2025-04-27,Rajshahi,ST07,Referral
C05401,2024-01-03,Chattogram,ST09,Walk-in
C05402,2019-11-05,Rajshahi,ST19,Walk-in
C05403,2019-07-09,Dhaka,ST08,Walk-in
C05404,2023-06-11,Khulna,ST12,Online
C05405,2018-06-29,Dhaka,ST18,Walk-in
C05406,2022-04-20,Sylhet,ST01,Walk-in
C05407,2021-08-03,Khulna,ST11,Social Media
C05408,2023-12-15,Dhaka,ST15,Referral
C05409,2019-08-15,Dhaka,ST19,Referral
C05410,2024-02-04,Dhaka,ST02,Walk-in
C05411,2023-08-04,Sylhet,ST15,Walk-in
C05412,2019-11-29,Chattogram,ST17,Online
C05413,2020-11-07,Dhaka,ST08,Walk-in
C05414,2018-07-12,Khulna,ST15,Walk-in
C05415,2021-08-05,Dhaka,ST10,Social Media
C05416,2020-01-31,Chattogram,ST14,Walk-in
C05417,2018-11-28,,ST08,Social Media
C05418,2022-06-23,,ST04,Walk-in
C05419,2022-07-16,Dhaka,ST17,Walk-in
C05420,2018-09-08,Barishal,ST05,Walk-in
C05421,2019-06-26,Sylhet,ST04,Social Media
C05422,2018-08-30,,ST18,Online
C05423,2023-06-06,Rajshahi,ST19,Referral
C05424,2020-09-14,Chattogram,ST13,Walk-in
C05425,2018-07-27,Dhaka,ST12,Referral
C05426,2019-07-14,Rajshahi,ST08,Online
C05427,2025-10-20,Chattogram,ST13,Online
C05428,2020-01-17,Dhaka,ST13,Referral
C05429,2023-06-22,Khulna,ST11,Referral
C05430,2021-09-29,Dhaka,ST14,Online
C05431,2019-06-15,Dhaka,ST12,Walk-in
C05432,2020-06-16,Dhaka,ST18,Referral
C05433,2018-02-11,Rajshahi,ST14,Walk-in
C05434,2023-12-22,Rajshahi,ST08,Social Media
C05435,2020-09-03,Khulna,ST14,Walk-in
C05436,2021-12-28,Dhaka,ST05,Walk-in
C05437,2019-03-23,Rajshahi,ST05,Walk-in
C05438,2024-08-03,Sylhet,ST17,Online
C05439,2019-09-30,Dhaka,ST12,Walk-in
C05440,2022-07-12,,ST02,Referral
C05441,2024-12-23,Khulna,ST08,Online
C05442,2023-09-14,Dhaka,ST20,Walk-in
C05443,2022-10-28,Sylhet,ST13,Online
C05444,2025-02-06,,ST18,Referral
C05445,2019-05-31,,ST11,Referral
C05446,2025-09-14,Barishal,ST01,Walk-in
C05447,2022-06-14,Khulna,ST04,Social Media
C05448,2021-04-11,Chattogram,ST02,Walk-in
C05449,2020-01-17,Rajshahi,ST15,Online
C05450,2023-12-16,Chattogram,ST16,Referral
C05451,2025-10-21,Rajshahi,ST10,Walk-in
C05452,2023-07-09,Dhaka,ST15,Walk-in
C05453,2018-04-06,Chattogram,ST12,Online
C05454,2021-10-01,,ST15,Walk-in
C05455,2023-11-09,Chattogram,ST14,Walk-in
C05456,2021-03-06,Chattogram,ST10,Walk-in
C05457,2024-03-07,Dhaka,ST14,Referral
C05458,2023-08-28,Barishal,ST07,Walk-in
C05459,2018-07-16,Dhaka,ST15,Walk-in
C05460,2022-06-18,Dhaka,ST19,Social Media
C05461,2019-05-17,Chattogram,ST05,Referral
C05462,2021-11-21,Sylhet,ST14,Online
C05463,2021-01-27,Dhaka,ST03,Online
C05464,2024-06-14,,ST08,Walk-in
C05465,2024-12-10,,ST14,Walk-in
C05466,2021-09-09,,ST06,Walk-in
C05467,2022-04-18,Barishal,ST05,Walk-in
C05468,2023-01-03,Dhaka,ST08,Walk-in
C05469,2023-03-29,Sylhet,ST03,Online
C05470,2023-01-30,,ST13,Walk-in
C05471,2024-04-05,Rajshahi,ST03,Walk-in
C05472,2025-11-07,Khulna,ST07,Referral
C05473,2024-08-15,Dhaka,ST07,Walk-in
C05474,2019-01-29,Dhaka,ST20,Online
C05475,2021-10-22,Dhaka,ST20,Walk-in
C05476,2021-09-08,Dhaka,ST02,Online
C05477,2022-01-25,Barishal,ST04,Walk-in
C05478,2022-03-24,Sylhet,ST15,Walk-in
C05479,2023-09-28,Sylhet,ST06,Referral
C05480,2021-05-14,,ST13,Walk-in
C05481,2020-02-08,Khulna,ST19,Walk-in
C05482,2021-08-29,Khulna,ST04,Walk-in
C05483,2024-10-31,Dhaka,ST20,Online
C05484,2020-06-28,Dhaka,ST02,Walk-in
C05485,2018-03-02,Dhaka,ST05,Online
C05486,2025-10-21,,ST11,Online
C05487,2019-07-26,Chattogram,ST18,Online
C05488,2022-10-27,Dhaka,ST12,Referral
C05489,2024-05-25,,ST03,Walk-in
C05490,2020-03-12,Chattogram,ST05,Referral
C05491,2020-09-20,Dhaka,ST16,Walk-in
C05492,2020-03-30,Dhaka,ST12,Walk-in
C05493,2019-03-14,Chattogram,ST01,Online
C05494,2019-03-23,Chattogram,ST11,Online
C05495,2019-06-30,Rajshahi,ST09,Walk-in
C05496,2021-08-30,Rajshahi,ST01,Social Media
C05497,2022-03-30,Dhaka,ST05,Social Media
C05498,2018-02-16,Dhaka,ST19,Walk-in
C05499,2024-10-06,Dhaka,ST15,Online
C05500,2023-05-28,Dhaka,ST02,Referral
C05501,2018-07-26,,ST01,Social Media
C05502,2024-09-26,Barishal,ST07,Online
C05503,2018-03-31,Dhaka,ST10,Walk-in
C05504,2022-06-25,Dhaka,ST10,Online
C05505,2021-09-20,Rajshahi,ST14,Walk-in
C05506,2022-01-06,Chattogram,ST04,Online
C05507,2025-08-24,Dhaka,ST01,Online
C05508,2025-05-31,Dhaka,ST14,Online
C05509,2020-03-25,Barishal,ST18,Walk-in
C05510,2022-08-20,Dhaka,ST04,Walk-in
C05511,2025-09-01,Sylhet,ST08,Online
C05512,2023-10-30,Rajshahi,ST13,Walk-in
C05513,2025-02-05,Dhaka,ST04,Walk-in
C05514,2021-06-23,Rajshahi,ST18,Walk-in
C05515,2020-04-06,Dhaka,ST05,Referral
C05516,2022-01-31,Dhaka,ST11,Walk-in
C05517,2024-07-13,Dhaka,ST07,Online
C05518,2025-06-05,Barishal,ST14,Online
C05519,2023-06-26,Dhaka,ST04,Referral
C05520,2023-08-26,Dhaka,ST02,Online
C05521,2022-02-03,Barishal,ST11,Walk-in
C05522,2020-07-22,Dhaka,ST18,Walk-in
C05523,2021-05-19,Khulna,ST13,Walk-in
C05524,2021-12-24,Sylhet,ST16,Referral
C05525,2024-07-09,Sylhet,ST09,Online
C05526,2022-06-10,Rajshahi,ST03,Referral
C05527,2024-05-04,Rajshahi,ST09,Online
C05528,2018-03-21,Dhaka,ST20,Referral
C05529,2024-01-20,Barishal,ST16,Social Media
C05530,2022-01-20,Barishal,ST15,Online
C05531,2025-12-24,Khulna,ST07,Walk-in
C05532,2021-10-09,Sylhet,ST12,Walk-in
C05533,2021-10-29,Chattogram,ST13,Online
C05534,2019-01-08,Chattogram,ST14,Referral
C05535,2024-06-14,Dhaka,ST18,Online
C05536,2023-08-11,Chattogram,ST14,Walk-in
C05537,2024-11-23,Sylhet,ST05,Online
C05538,2018-09-28,Sylhet,ST05,Walk-in
C05539,2019-09-10,Dhaka,ST13,Walk-in
C05540,2025-01-04,Chattogram,ST18,Referral
C05541,2018-05-03,Sylhet,ST19,Online
C05542,2022-01-23,Chattogram,ST13,Walk-in
C05543,2021-03-27,Barishal,ST11,Walk-in
C05544,2025-07-06,Rajshahi,ST17,Online
C05545,2024-11-06,Dhaka,ST20,Walk-in
C05546,2025-03-03,Dhaka,ST01,Walk-in
C05547,2020-04-24,Rajshahi,ST07,Online
C05548,2022-09-12,Chattogram,ST07,Online
C05549,2023-08-07,Khulna,ST12,Walk-in
C05550,2025-09-26,Dhaka,ST06,Online
C05551,2018-01-22,Dhaka,ST07,Online
C05552,2025-10-23,Chattogram,ST01,Walk-in
C05553,2020-11-03,Rajshahi,ST01,Walk-in
C05554,2019-01-10,Barishal,ST09,Walk-in
C05555,2022-12-03,Khulna,ST20,Walk-in
C05556,2024-04-01,Chattogram,ST06,Referral
C05557,2019-01-14,Khulna,ST05,Walk-in
C05558,2018-04-30,Dhaka,ST06,Social Media
C05559,2025-03-03,Sylhet,ST20,Walk-in
C05560,2025-06-19,Barishal,ST14,Online
C05561,2019-04-02,Chattogram,ST14,Online
C05562,2025-03-24,Barishal,ST04,Referral
C05563,2025-04-10,Dhaka,ST19,Referral
C05564,2025-12-22,Dhaka,ST04,Online
C05565,2019-09-24,,ST20,Walk-in
C05566,2022-08-18,Khulna,ST20,Social Media
C05567,2025-12-13,Dhaka,ST12,Social Media
C05568,2025-03-20,Khulna,ST18,Social Media
C05569,2022-11-01,Dhaka,ST20,Walk-in
C05570,2019-07-30,Rajshahi,ST12,Walk-in
C05571,2018-09-04,Sylhet,ST16,Walk-in
C05572,2020-01-27,Dhaka,ST12,Online
C05573,2018-07-10,,ST11,Walk-in
C05574,2019-07-25,Rajshahi,ST07,Walk-in
C05575,2018-08-07,Chattogram,ST14,Online
C05576,2024-02-04,Dhaka,ST06,Walk-in
C05577,2022-09-19,Dhaka,ST04,Online
C05578,2022-02-21,Barishal,ST06,Walk-in
C05579,2024-06-21,Sylhet,ST01,Referral
C05580,2021-04-14,Khulna,ST19,Walk-in
C05581,2021-03-22,Rajshahi,ST06,Online
C05582,2019-08-28,Khulna,ST16,Online
C05583,2021-07-22,Dhaka,ST09,Walk-in
C05584,2019-05-25,,ST07,Walk-in
C05585,2022-09-17,Sylhet,ST05,Referral
C05586,2025-12-22,Dhaka,ST17,Online
C05587,2022-04-06,Dhaka,ST11,Walk-in
C05588,2020-05-23,Sylhet,ST09,Online
C05589,2023-07-03,Khulna,ST14,Walk-in
C05590,2024-07-22,,ST17,Walk-in
C05591,2021-10-09,Dhaka,ST14,Walk-in
C05592,2020-01-01,Barishal,ST10,Walk-in
C05593,2023-09-16,Dhaka,ST18,Walk-in
C05594,2019-07-01,Dhaka,ST18,Walk-in
C05595,2025-12-22,Barishal,ST20,Walk-in
C05596,2020-07-17,Rajshahi,ST02,Walk-in
C05597,2020-10-19,Barishal,ST18,Online
C05598,2023-10-24,Khulna,ST04,Online
C05599,2018-02-05,Sylhet,ST13,Walk-in
C05600,2019-08-16,Dhaka,ST14,Walk-in
C05601,2019-01-02,,ST05,Online
C05602,2021-02-15,Barishal,ST01,Online
C05603,2022-06-05,Khulna,ST19,Referral
C05604,2019-06-09,Chattogram,ST18,Walk-in
C05605,2020-10-02,,ST04,Walk-in
C05606,2024-03-04,Dhaka,ST13,Walk-in
C05607,2025-07-07,Dhaka,ST04,Online
C05608,2018-02-11,Khulna,ST12,Walk-in
C05609,2023-01-07,Dhaka,ST07,Walk-in
C05610,2018-03-16,,ST16,Walk-in
C05611,2022-02-28,Barishal,ST12,Online
C05612,2025-01-12,Chattogram,ST10,Walk-in
C05613,2024-05-19,Chattogram,ST14,Online
C05614,2019-11-11,Dhaka,ST10,Walk-in
C05615,2020-01-26,Dhaka,ST01,Walk-in
C05616,2024-04-06,Dhaka,ST12,Walk-in
C05617,2024-07-21,,ST16,Social Media
C05618,2020-03-31,Dhaka,ST10,Walk-in
C05619,2018-01-09,Dhaka,ST04,Walk-in
C05620,2021-07-21,Dhaka,ST01,Referral
C05621,2022-12-15,Dhaka,ST06,Walk-in
C05622,2021-07-19,Barishal,ST16,Walk-in
C05623,2025-06-22,Dhaka,ST07,Walk-in
C05624,2024-07-03,Chattogram,ST20,Online
C05625,2024-04-19,Khulna,ST07,Walk-in
C05626,2018-03-01,Dhaka,ST09,Referral
C05627,2024-10-28,,ST16,Online
C05628,2024-01-15,Khulna,ST13,Online
C05629,2021-03-05,Sylhet,ST01,Walk-in
C05630,2022-09-18,Dhaka,ST02,Referral
C05631,2024-08-03,Rajshahi,ST04,Referral
C05632,2025-03-31,Rajshahi,ST18,Referral
C05633,2022-05-28,Chattogram,ST01,Walk-in
C05634,2018-05-01,Dhaka,ST02,Online
C05635,2022-12-12,Dhaka,ST16,Online
C05636,2023-06-09,Khulna,ST13,Social Media
C05637,2018-06-22,Dhaka,ST20,Walk-in
C05638,2024-07-14,Dhaka,ST05,Referral
C05639,2019-08-12,Chattogram,ST14,Online
C05640,2025-02-13,Barishal,ST03,Referral
C05641,2022-05-28,Dhaka,ST12,Online
C05642,2020-07-29,Dhaka,ST03,Referral
C05643,2018-06-21,Chattogram,ST19,Walk-in
C05644,2018-02-22,Rajshahi,ST09,Walk-in
C05645,2023-12-06,Chattogram,ST06,Walk-in
C05646,2021-01-06,Khulna,ST20,Referral
C05647,2024-09-18,Dhaka,ST02,Walk-in
C05648,2019-11-05,Dhaka,ST16,Online
C05649,2025-05-11,Chattogram,ST11,Social Media
C05650,2025-07-12,Dhaka,ST14,Referral
C05651,2018-10-25,Chattogram,ST06,Online
C05652,2023-03-05,Rajshahi,ST18,Referral
C05653,2025-07-06,Dhaka,ST10,Walk-in
C05654,2020-08-01,,ST09,Walk-in
C05655,2018-07-17,Dhaka,ST10,Online
C05656,2024-12-31,Sylhet,ST06,Referral
C05657,2021-10-16,Chattogram,ST07,Walk-in
C05658,2018-03-21,Chattogram,ST03,Walk-in
C05659,2024-09-19,Dhaka,ST10,Online
C05660,2023-06-06,,ST10,Walk-in
C05661,2018-07-25,Khulna,ST08,Referral
C05662,2020-01-26,Khulna,ST20,Walk-in
C05663,2018-02-23,Khulna,ST03,Referral
C05664,2025-08-20,Dhaka,ST19,Online
C05665,2018-03-14,Chattogram,ST18,Referral
C05666,2024-05-12,,ST01,Online
C05667,2022-02-01,Khulna,ST15,Walk-in
C05668,2022-08-29,Dhaka,ST05,Walk-in
C05669,2024-06-27,Dhaka,ST01,Referral
C05670,2025-02-26,,ST18,Walk-in
C05671,2019-01-08,,ST03,Online
C05672,2018-02-22,Rajshahi,ST06,Walk-in
C05673,2018-12-30,Dhaka,ST02,Referral
C05674,2023-06-16,Sylhet,ST03,Walk-in
C05675,2022-07-19,Khulna,ST02,Online
C05676,2018-09-02,Sylhet,ST17,Online
C05677,2019-11-16,Dhaka,ST02,Walk-in
C05678,2022-04-18,Dhaka,ST16,Walk-in
C05679,2023-11-03,Dhaka,ST04,Referral
C05680,2020-09-29,Dhaka,ST19,Online
C05681,2025-08-04,Sylhet,ST17,Social Media
C05682,2025-12-07,Dhaka,ST13,Referral
C05683,2024-02-15,Dhaka,ST17,Online
C05684,2021-08-19,Dhaka,ST06,Online
C05685,2025-01-05,Barishal,ST16,Social Media
C05686,2023-10-27,Dhaka,ST05,Online
C05687,2022-02-26,Dhaka,ST13,Walk-in
C05688,2021-07-19,Chattogram,ST19,Referral
C05689,2024-08-27,Dhaka,ST15,Social Media
C05690,2022-06-15,Barishal,ST06,Walk-in
C05691,2019-06-19,,ST15,Walk-in
C05692,2025-12-29,Rajshahi,ST18,Online
C05693,2018-07-19,Sylhet,ST18,Online
C05694,2023-07-23,Khulna,ST15,Walk-in
C05695,2023-03-31,Sylhet,ST15,Online
C05696,2022-09-08,Rajshahi,ST16,Online
C05697,2018-06-01,Chattogram,ST15,Walk-in
C05698,2021-12-09,Chattogram,ST03,Online
C05699,2025-02-19,Rajshahi,ST17,Walk-in
C05700,2019-12-01,Sylhet,ST04,Referral
C05701,2023-07-13,,ST12,Walk-in
C05702,2024-11-12,Dhaka,ST07,Referral
C05703,2025-08-12,Dhaka,ST05,Walk-in
C05704,2022-02-16,Chattogram,ST06,Social Media
C05705,2020-07-05,Dhaka,ST02,Referral
C05706,2023-08-05,Chattogram,ST09,Walk-in
C05707,2021-11-20,Dhaka,ST09,Social Media
C05708,2023-01-06,Sylhet,ST09,Walk-in
C05709,2023-12-06,Rajshahi,ST02,Online
C05710,2023-09-06,Sylhet,ST13,Social Media
C05711,2019-12-10,Rajshahi,ST04,Social Media
C05712,2024-01-16,Dhaka,ST18,Online
C05713,2022-05-02,Dhaka,ST01,Social Media
C05714,2025-06-10,Rajshahi,ST02,Walk-in
C05715,2023-04-10,Khulna,ST07,Walk-in
C05716,2025-02-17,Rajshahi,ST09,Walk-in
C05717,2025-10-29,Sylhet,ST20,Walk-in
C05718,2025-12-13,Rajshahi,ST11,Online
C05719,2023-12-15,Rajshahi,ST08,Walk-in
C05720,2022-10-11,Rajshahi,ST17,Online
C05721,2018-12-11,Rajshahi,ST05,Walk-in
C05722,2021-02-01,Dhaka,ST18,Walk-in
C05723,2021-10-19,Dhaka,ST09,Online
C05724,2024-03-29,Chattogram,ST07,Walk-in
C05725,2022-09-16,Chattogram,ST07,Online
C05726,2021-07-06,Rajshahi,ST01,Referral
C05727,2019-03-05,Dhaka,ST14,Online
C05728,2023-09-22,Dhaka,ST12,Referral
C05729,2021-06-15,Rajshahi,ST13,Social Media
C05730,2018-04-16,Dhaka,ST14,Walk-in
C05731,2020-04-09,Khulna,ST01,Online
C05732,2025-01-12,Dhaka,ST18,Walk-in
C05733,2018-12-13,Chattogram,ST11,Walk-in
C05734,2021-03-31,Chattogram,ST14,Online
C05735,2022-02-04,Dhaka,ST01,Online
C05736,2018-09-02,Dhaka,ST16,Referral
C05737,2019-04-29,Dhaka,ST14,Online
C05738,2025-07-08,Dhaka,ST08,Referral
C05739,2022-09-21,Dhaka,ST19,Online
C05740,2019-09-07,Rajshahi,ST14,Walk-in
C05741,2019-05-11,Dhaka,ST19,Walk-in
C05742,2021-05-28,Chattogram,ST17,Online
C05743,2023-10-14,Dhaka,ST05,Online
C05744,2023-11-03,Barishal,ST20,Walk-in
C05745,2019-07-25,Rajshahi,ST15,Walk-in
C05746,2023-10-20,,ST04,Walk-in
C05747,2025-03-02,Khulna,ST16,Online
C05748,2019-10-23,Dhaka,ST09,Walk-in
C05749,2018-03-18,,ST18,Walk-in
C05750,2025-08-31,Dhaka,ST04,Walk-in
C05751,2022-03-05,Khulna,ST06,Walk-in
C05752,2024-03-17,Chattogram,ST07,Online
C05753,2020-07-23,Chattogram,ST10,Social Media
C05754,2020-05-23,Khulna,ST13,Walk-in
C05755,2019-10-20,Khulna,ST05,Online
C05756,2019-09-26,Barishal,ST15,Online
C05757,2021-10-09,Dhaka,ST01,Online
C05758,2018-11-05,Dhaka,ST07,Walk-in
C05759,2024-09-24,Dhaka,ST14,Walk-in
C05760,2022-02-01,Chattogram,ST06,Social Media
C05761,2025-04-26,Chattogram,ST09,Social Media
C05762,2022-01-06,,ST13,Walk-in
C05763,2020-06-04,Rajshahi,ST05,Online
C05764,2022-02-12,Dhaka,ST20,Walk-in
C05765,2019-03-27,Rajshahi,ST17,Walk-in
C05766,2024-08-03,Khulna,ST20,Walk-in
C05767,2023-10-04,Sylhet,ST10,Online
C05768,2019-03-06,Chattogram,ST07,Walk-in
C05769,2022-08-27,Dhaka,ST20,Walk-in
C05770,2022-04-20,Dhaka,ST15,Walk-in
C05771,2019-08-10,Rajshahi,ST16,Walk-in
C05772,2018-12-23,Chattogram,ST04,Walk-in
C05773,2024-01-30,Dhaka,ST18,Online
C05774,2020-02-11,Barishal,ST11,Online
C05775,2022-02-24,Rajshahi,ST16,Walk-in
C05776,2019-12-25,Khulna,ST17,Walk-in
C05777,2023-03-23,Chattogram,ST03,Referral
C05778,2018-05-24,Barishal,ST02,Walk-in
C05779,2020-11-15,Dhaka,ST02,Walk-in
C05780,2022-05-17,Dhaka,ST13,Referral
C05781,2021-07-06,Khulna,ST19,Online
C05782,2022-11-24,Khulna,ST01,Walk-in
C05783,2019-06-11,,ST03,Walk-in
C05784,2021-07-14,Dhaka,ST10,Walk-in
C05785,2024-01-19,Dhaka,ST08,Walk-in
C05786,2020-09-01,Rajshahi,ST03,Referral
C05787,2019-04-04,Khulna,ST13,Online
C05788,2024-10-11,Dhaka,ST19,Walk-in
C05789,2024-03-22,Dhaka,ST05,Walk-in
C05790,2023-06-10,Sylhet,ST01,Walk-in
C05791,2024-05-19,Rajshahi,ST05,Walk-in
C05792,2024-03-24,Chattogram,ST04,Online
C05793,2023-12-21,Sylhet,ST10,Walk-in
C05794,2022-01-27,Barishal,ST03,Referral
C05795,2018-02-26,Dhaka,ST08,Online
C05796,2022-10-10,Sylhet,ST03,Social Media
C05797,2020-03-08,Sylhet,ST14,Referral
C05798,2024-03-08,Chattogram,ST10,Social Media
C05799,2021-09-29,Khulna,ST02,Social Media
C05800,2025-03-28,Sylhet,ST01,Walk-in
C05801,2022-10-05,Chattogram,ST10,Walk-in
C05802,2022-05-27,Dhaka,ST12,Walk-in
C05803,2025-05-08,Rajshahi,ST04,Online
C05804,2021-10-19,Dhaka,ST07,Online
C05805,2021-01-01,Dhaka,ST13,Walk-in
C05806,2020-12-20,Chattogram,ST10,Referral
C05807,2024-12-30,Sylhet,ST03,Referral
C05808,2024-01-18,Barishal,ST08,Online
C05809,2019-04-23,Rajshahi,ST04,Walk-in
C05810,2021-12-09,Khulna,ST19,Walk-in
C05811,2020-12-20,Dhaka,ST17,Online
C05812,2023-03-04,Chattogram,ST07,Walk-in
C05813,2018-06-02,,ST05,Online
C05814,2023-09-17,Chattogram,ST03,Walk-in
C05815,2023-12-09,Khulna,ST15,Walk-in
C05816,2019-10-24,Chattogram,ST19,Walk-in
C05817,2019-03-16,Dhaka,ST06,Online
C05818,2023-01-07,,ST13,Walk-in
C05819,2020-01-21,Dhaka,ST05,Social Media
C05820,2025-07-12,Dhaka,ST19,Walk-in
C05821,2024-03-13,Dhaka,ST06,Social Media
C05822,2025-08-20,Dhaka,ST02,Walk-in
C05823,2022-04-11,Chattogram,ST18,Walk-in
C05824,2025-07-03,Khulna,ST19,Social Media
C05825,2018-02-10,Chattogram,ST08,Online
C05826,2020-04-26,,ST19,Online
C05827,2018-01-07,Sylhet,ST05,Online
C05828,2023-06-02,Dhaka,ST06,Walk-in
C05829,2022-01-31,Dhaka,ST11,Referral
C05830,2020-04-19,Barishal,ST13,Walk-in
C05831,2020-06-09,Sylhet,ST08,Referral
C05832,2023-02-23,Barishal,ST16,Social Media
C05833,2019-06-11,Dhaka,ST16,Referral
C05834,2022-02-11,Rajshahi,ST03,Online
C05835,2022-11-27,Rajshahi,ST20,Online
C05836,2019-12-02,Barishal,ST04,Online
C05837,2019-10-30,Dhaka,ST11,Walk-in
C05838,2020-10-31,Barishal,ST09,Referral
C05839,2022-09-26,Chattogram,ST10,Online
C05840,2020-01-13,Khulna,ST03,Walk-in
C05841,2021-01-12,Chattogram,ST07,Referral
C05842,2022-05-06,Sylhet,ST01,Walk-in
C05843,2019-06-30,Chattogram,ST20,Referral
C05844,2022-07-20,Khulna,ST03,Referral
C05845,2019-02-08,Dhaka,ST10,Walk-in
C05846,2019-02-21,Chattogram,ST05,Walk-in
C05847,2019-11-23,Sylhet,ST04,Online
C05848,2020-04-16,Rajshahi,ST08,Walk-in
C05849,2018-03-29,Chattogram,ST20,Social Media
C05850,2025-09-08,Rajshahi,ST10,Walk-in
C05851,2020-06-18,Chattogram,ST20,Walk-in
C05852,2024-06-07,Sylhet,ST17,Walk-in
C05853,2025-03-18,Rajshahi,ST09,Referral
C05854,2024-05-26,Rajshahi,ST19,Online
C05855,2024-08-24,Khulna,ST07,Referral
C05856,2018-10-20,Chattogram,ST11,Social Media
C05857,2020-12-22,Dhaka,ST14,Online
C05858,2023-12-19,Rajshahi,ST12,Walk-in
C05859,2022-08-09,Dhaka,ST17,Walk-in
C05860,2018-01-17,Dhaka,ST04,Referral
C05861,2022-07-15,Rajshahi,ST10,Walk-in
C05862,2024-06-07,,ST14,Referral
C05863,2024-08-16,Chattogram,ST07,Referral
C05864,2021-01-25,Barishal,ST18,Online
C05865,2019-11-21,,ST07,Online
C05866,2020-06-22,Dhaka,ST07,Social Media
C05867,2020-05-15,Dhaka,ST07,Referral
C05868,2020-10-09,Dhaka,ST14,Online
C05869,2020-05-31,Rajshahi,ST03,Walk-in
C05870,2021-08-28,Rajshahi,ST03,Walk-in
C05871,2018-04-30,Sylhet,ST16,Walk-in
C05872,2020-03-14,Dhaka,ST05,Social Media
C05873,2020-07-07,Chattogram,ST03,Online
C05874,2019-03-24,Dhaka,ST06,Referral
C05875,2025-01-07,Rajshahi,ST08,Walk-in
C05876,2023-05-27,Sylhet,ST01,Referral
C05877,2025-04-17,Dhaka,ST17,Walk-in
C05878,2022-06-28,Khulna,ST03,Online
C05879,2018-11-17,Rajshahi,ST09,Walk-in
C05880,2025-03-26,Dhaka,ST05,Referral
C05881,2021-08-30,Sylhet,ST06,Online
C05882,2023-06-22,Sylhet,ST01,Walk-in
C05883,2021-01-18,Dhaka,ST19,Walk-in
C05884,2021-12-14,Dhaka,ST19,Walk-in
C05885,2021-11-29,Rajshahi,ST03,Walk-in
C05886,2020-04-11,Barishal,ST04,Walk-in
C05887,2022-06-08,Sylhet,ST18,Walk-in
C05888,2023-11-13,Sylhet,ST09,Walk-in
C05889,2018-03-01,Sylhet,ST02,Walk-in
C05890,2019-01-18,Chattogram,ST03,Online
C05891,2024-09-25,Dhaka,ST09,Walk-in
C05892,2022-07-22,Chattogram,ST12,Walk-in
C05893,2025-10-14,Khulna,ST13,Referral
C05894,2022-11-01,Khulna,ST04,Walk-in
C05895,2023-03-23,Barishal,ST08,Online
C05896,2025-03-10,Dhaka,ST06,Social Media
C05897,2023-04-13,Chattogram,ST11,Referral
C05898,2020-08-20,Sylhet,ST07,Online
C05899,2022-03-22,Dhaka,ST05,Online
C05900,2019-11-19,Dhaka,ST17,Referral
C05901,2020-09-03,Rajshahi,ST12,Referral
C05902,2023-06-10,Rajshahi,ST10,Walk-in
C05903,2019-03-12,Sylhet,ST03,Online
C05904,2023-05-17,Dhaka,ST02,Referral
C05905,2022-09-02,Chattogram,ST16,Referral
C05906,2020-06-19,Dhaka,ST20,Walk-in
C05907,2018-05-12,Dhaka,ST12,Walk-in
C05908,2023-08-20,Chattogram,ST01,Online
C05909,2024-08-04,Dhaka,ST10,Walk-in
C05910,2023-11-02,Barishal,ST06,Online
C05911,2021-05-14,Chattogram,ST02,Walk-in
C05912,2023-03-24,Dhaka,ST03,Walk-in
C05913,2021-04-26,Dhaka,ST10,Walk-in
C05914,2020-11-12,Rajshahi,ST09,Referral
C05915,2020-08-13,Dhaka,ST12,Referral
C05916,2019-09-08,Dhaka,ST14,Referral
C05917,2025-10-01,Chattogram,ST06,Social Media
C05918,2023-04-30,Dhaka,ST06,Social Media
C05919,2019-05-26,Sylhet,ST14,Walk-in
C05920,2024-11-30,Chattogram,ST04,Walk-in
C05921,2019-03-18,,ST02,Referral
C05922,2022-09-30,Rajshahi,ST18,Online
C05923,2019-04-29,Chattogram,ST05,Walk-in
C05924,2020-11-20,Sylhet,ST03,Social Media
C05925,2023-04-07,Dhaka,ST15,Walk-in
C05926,2025-12-27,Sylhet,ST11,Social Media
C05927,2025-12-06,,ST03,Online
C05928,2025-02-28,Chattogram,ST18,Walk-in
C05929,2019-11-19,Dhaka,ST05,Referral
C05930,2018-10-01,Barishal,ST14,Referral
C05931,2025-03-29,Dhaka,ST14,Online
C05932,2025-05-19,Khulna,ST17,Online
C05933,2020-03-24,Khulna,ST15,Walk-in
C05934,2018-02-25,Chattogram,ST15,Walk-in
C05935,2023-03-07,Dhaka,ST02,Walk-in
C05936,2018-08-11,Chattogram,ST19,Walk-in
C05937,2018-04-29,Barishal,ST03,Walk-in
C05938,2025-06-29,Sylhet,ST06,Online
C05939,2021-12-18,Chattogram,ST09,Walk-in
C05940,2018-11-24,Dhaka,ST06,Online
C05941,2023-03-27,Khulna,ST12,Walk-in
C05942,2020-12-14,Dhaka,ST02,Walk-in
C05943,2022-04-16,Dhaka,ST10,Social Media
C05944,2025-03-09,,ST07,Social Media
C05945,2019-11-26,Chattogram,ST13,Referral
C05946,2023-03-03,Khulna,ST11,Walk-in
C05947,2024-08-16,,ST16,Online
C05948,2021-05-22,Dhaka,ST04,Walk-in
C05949,2025-10-03,Chattogram,ST19,Online
C05950,2021-08-02,Rajshahi,ST08,Referral
C05951,2021-09-02,Chattogram,ST07,Walk-in
C05952,2025-01-25,Dhaka,ST11,Social Media
C05953,2023-01-31,Chattogram,ST04,Online
C05954,2024-12-11,Sylhet,ST17,Walk-in
C05955,2024-04-27,Barishal,ST06,Walk-in
C05956,2023-09-12,Sylhet,ST19,Referral
C05957,2019-12-07,Dhaka,ST03,Walk-in
C05958,2021-03-10,Rajshahi,ST18,Walk-in
C05959,2024-11-29,Dhaka,ST08,Walk-in
C05960,2022-12-04,Khulna,ST13,Social Media
C05961,2020-03-29,Chattogram,ST18,Walk-in
C05962,2020-08-13,Dhaka,ST03,Social Media
C05963,2024-03-15,Chattogram,ST07,Online
C05964,2019-06-05,Dhaka,ST19,Walk-in
C05965,2018-11-24,Dhaka,ST03,Walk-in
C05966,2024-02-13,Sylhet,ST03,Referral
C05967,2020-04-22,Rajshahi,ST11,Walk-in
C05968,2024-02-14,Khulna,ST01,Walk-in
C05969,2022-04-08,Chattogram,ST20,Walk-in
C05970,2025-12-23,Dhaka,ST19,Referral
C05971,2022-03-13,Chattogram,ST04,Online
C05972,2024-12-08,Chattogram,ST04,Online
C05973,2024-10-19,Dhaka,ST16,Walk-in
C05974,2019-09-11,Khulna,ST11,Walk-in
C05975,2025-12-18,Barishal,ST17,Referral
C05976,2023-12-18,Dhaka,ST20,Walk-in
C05977,2018-11-10,Rajshahi,ST09,Social Media
C05978,2018-01-18,Sylhet,ST06,Referral
C05979,2020-03-03,Dhaka,ST13,Walk-in
C05980,2018-02-17,Sylhet,ST13,Referral
C05981,2020-11-10,Dhaka,ST09,Online
C05982,2025-12-19,Dhaka,ST06,Online
C05983,2021-10-30,Barishal,ST06,Walk-in
C05984,2018-03-11,Sylhet,ST11,Social Media
C05985,2021-12-13,Dhaka,ST09,Walk-in
C05986,2019-10-02,,ST10,Referral
C05987,2024-11-05,Barishal,ST02,Walk-in
C05988,2018-09-22,Chattogram,ST18,Walk-in
C05989,2024-02-29,Khulna,ST15,Social Media
C05990,2021-07-26,Khulna,ST19,Walk-in
C05991,2018-02-25,Dhaka,ST17,Walk-in
C05992,2023-05-20,Rajshahi,ST13,Referral
C05993,2021-08-21,Sylhet,ST07,Walk-in
C05994,2024-03-02,Rajshahi,ST14,Referral
C05995,2022-12-10,Chattogram,ST12,Social Media
C05996,2024-04-17,Dhaka,ST19,Walk-in
C05997,2021-09-06,Dhaka,ST05,Online
C05998,2018-01-24,Sylhet,ST01,Social Media
C05999,2019-01-17,Rajshahi,ST03,Social Media
C06000,2021-09-01,Rajshahi,ST04,Online
